file,line,rule,severity,bibleRef,snippet
src/presenters/PerceptionPresenter.ts,31,hex-color,P0,"§1.1 colors — tokens only","if (heat >= 85) return { label: ""Red Hot"", color: ""#ef4444"" };"
src/presenters/PerceptionPresenter.ts,32,hex-color,P0,"§1.1 colors — tokens only","if (heat >= 60) return { label: ""Rising"", color: ""#f59e0b"" };"
src/presenters/PerceptionPresenter.ts,33,hex-color,P0,"§1.1 colors — tokens only","if (heat >= 30) return { label: ""Notable"", color: ""#10b981"" };"
src/presenters/PerceptionPresenter.ts,34,hex-color,P0,"§1.1 colors — tokens only","return { label: ""Under the Radar"", color: ""#6b7280"" };"
src/presenters/PerceptionPresenter.ts,43,hex-color,P0,"§1.1 colors — tokens only","return ""#34d399""; // emerald-400"
src/presenters/PerceptionPresenter.ts,45,hex-color,P0,"§1.1 colors — tokens only","return ""#f472b6""; // pink-400"
src/presenters/PerceptionPresenter.ts,47,hex-color,P0,"§1.1 colors — tokens only","return ""#fbbf24""; // amber-400"
src/presenters/PerceptionPresenter.ts,49,hex-color,P0,"§1.1 colors — tokens only","return ""#f87171""; // red-400"
src/presenters/PerceptionPresenter.ts,51,hex-color,P0,"§1.1 colors — tokens only","return ""#9ca3af""; // gray-400"
src/presenters/PerceptionPresenter.ts,53,hex-color,P0,"§1.1 colors — tokens only","return ""#94a3b8""; // slate-400"
src/components/stable/AcademyManagementPanel.tsx,67,arbitrary-text-size,P1,"§2.2 type scale — no arbitrary px sizes","<Badge variant=""outline"" className=""text-[9px]"">"
src/components/stable/AcademyManagementPanel.tsx,82,arbitrary-text-size,P1,"§2.2 type scale — no arbitrary px sizes","className=""h-5 px-1.5 text-[9px] tabular-nums"""
src/components/stable/AcademyManagementPanel.tsx,94,arbitrary-text-size,P1,"§2.2 type scale — no arbitrary px sizes","className=""h-5 px-2 text-[9px] ml-auto"""
src/components/stable/InfrastructureDashboard.tsx,142,arbitrary-text-size,P1,"§2.2 type scale — no arbitrary px sizes","<div className=""flex justify-between text-[8px] font-black uppercase tracking-widest text-warning"">"
src/components/stable/InfrastructureDashboard.tsx,156,arbitrary-text-size,P1,"§2.2 type scale — no arbitrary px sizes","<div className=""text-[9px] font-black uppercase tracking-widest text-muted-foreground mb-1"">"
src/components/stable/InfrastructureDashboard.tsx,208,arbitrary-text-size,P1,"§2.2 type scale — no arbitrary px sizes","<p className=""text-[7px] text-center mt-2 text-muted-foreground uppercase font-black tracking-widest"">"
src/components/stable/KeshoMawashiGallery.tsx,117,italic-numerals,P2,"§2.3 data display — numerals never italic","<p className=""text-[10px] italic text-muted-foreground border-t pt-2 mt-2 leading-relaxed"">"
src/components/stable/KeshoMawashiGallery.tsx,76,arbitrary-text-size,P1,"§2.2 type scale — no arbitrary px sizes","<Badge variant=""outline"" className=""text-[8px] font-black uppercase h-5"">"
src/components/stable/SuccessionModal.tsx,50,hardcoded-palette,P0,"§1.1 colors — tokens only, no raw palette classes","<DialogContent className=""sm:max-w-[600px] paper border-amber-600/30"">"
src/components/stable/SuccessionModal.tsx,60,hardcoded-palette,P0,"§1.1 colors — tokens only, no raw palette classes","<DialogDescription className=""text-slate-400"">"
src/components/stable/SuccessionModal.tsx,69,hardcoded-palette,P0,"§1.1 colors — tokens only, no raw palette classes","<h4 className=""text-[10px] uppercase font-black text-slate-500 tracking-widest mb-4"">"
src/components/stable/SuccessionModal.tsx,102,hardcoded-palette,P0,"§1.1 colors — tokens only, no raw palette classes","<div className=""text-xs text-slate-500 flex items-center gap-2"">"
src/components/stable/SuccessionModal.tsx,127,hardcoded-palette,P0,"§1.1 colors — tokens only, no raw palette classes","<div className=""flex flex-col items-center justify-center h-48 text-center bg-slate-950/50 rounded-xl border border-dash"
src/components/stable/SuccessionModal.tsx,128,hardcoded-palette,P0,"§1.1 colors — tokens only, no raw palette classes","<Award className=""h-8 w-8 text-slate-700 mb-2"" />"
src/components/stable/SuccessionModal.tsx,129,hardcoded-palette,P0,"§1.1 colors — tokens only, no raw palette classes","<p className=""text-xs text-slate-500 px-8"">"
src/components/stable/SuccessionModal.tsx,139,hardcoded-palette,P0,"§1.1 colors — tokens only, no raw palette classes","<DialogFooter className=""bg-slate-900/50 -mx-6 -mb-6 p-6 rounded-b-lg border-t border-slate-800"">"
src/components/stable/SuccessionModal.tsx,141,hardcoded-palette,P0,"§1.1 colors — tokens only, no raw palette classes","<p className=""text-[10px] text-slate-500 max-w-[200px] leading-tight"">"
src/components/stable/SuccessionModal.tsx,103,arbitrary-text-size,P1,"§2.2 type scale — no arbitrary px sizes","<Badge variant=""secondary"" className=""text-[9px] uppercase font-black"">"
src/components/stable/SuccessionModal.tsx,110,arbitrary-text-size,P1,"§2.2 type scale — no arbitrary px sizes","className=""text-[9px] uppercase border-primary/30 text-primary"""
src/components/stable/HeyaBrandBadge.tsx,100,banned-gradient,P0,"§1.3/§3.3 anti-patterns — no decorative gradients","<div className=""absolute inset-0 rounded-full bg-gradient-to-br from-yellow-400/20 to-transparent"" />"
src/components/stable/HeyaBrandBadge.tsx,100,hardcoded-palette,P0,"§1.1 colors — tokens only, no raw palette classes","<div className=""absolute inset-0 rounded-full bg-gradient-to-br from-yellow-400/20 to-transparent"" />"
src/components/stable/GlobalStrategicHub.tsx,69,hardcoded-palette,P0,"§1.1 colors — tokens only, no raw palette classes","<Card className=""paper border-slate-800"">"
src/components/stable/GlobalStrategicHub.tsx,84,hardcoded-palette,P0,"§1.1 colors — tokens only, no raw palette classes","<div className=""flex justify-between text-xs font-bold uppercase tracking-widest text-slate-400"">"
src/components/stable/GlobalStrategicHub.tsx,91,hardcoded-palette,P0,"§1.1 colors — tokens only, no raw palette classes","indicatorClassName={presence[region] >= 80 ? ""bg-amber-500"" : ""bg-blue-600""}"
src/components/stable/GlobalStrategicHub.tsx,102,hardcoded-palette,P0,"§1.1 colors — tokens only, no raw palette classes","className=""text-[9px] bg-amber-500/10 text-amber-500 border-amber-500/20"""
src/components/stable/GlobalStrategicHub.tsx,110,hardcoded-palette,P0,"§1.1 colors — tokens only, no raw palette classes","className=""text-[9px] border-emerald-500/30 text-emerald-400 flex items-center gap-1"""
src/components/stable/GlobalStrategicHub.tsx,122,hardcoded-palette,P0,"§1.1 colors — tokens only, no raw palette classes","<Card className=""paper border-slate-800"">"
src/components/stable/GlobalStrategicHub.tsx,125,hardcoded-palette,P0,"§1.1 colors — tokens only, no raw palette classes","<Users className=""h-5 w-5 text-amber-500"" />"
src/components/stable/GlobalStrategicHub.tsx,139,hardcoded-palette,P0,"§1.1 colors — tokens only, no raw palette classes","className=""flex items-center justify-between p-3 rounded-lg bg-slate-900/50 border border-slate-800"""
src/components/stable/GlobalStrategicHub.tsx,142,hardcoded-palette,P0,"§1.1 colors — tokens only, no raw palette classes","<div className=""w-8 h-8 rounded-full bg-slate-800 flex items-center justify-center text-[10px] font-bold"">"
src/components/stable/GlobalStrategicHub.tsx,147,hardcoded-palette,P0,"§1.1 colors — tokens only, no raw palette classes","<div className=""text-[10px] text-slate-500 uppercase tracking-widest"">"
src/components/stable/GlobalStrategicHub.tsx,153,hardcoded-palette,P0,"§1.1 colors — tokens only, no raw palette classes","<Badge className=""bg-amber-500/20 text-amber-400 border-amber-500/20 text-[8px]"">"
src/components/stable/GlobalStrategicHub.tsx,160,hardcoded-palette,P0,"§1.1 colors — tokens only, no raw palette classes","<div className=""flex flex-col items-center justify-center h-48 text-center text-slate-500 border border-dashed border-sl"
src/components/stable/GlobalStrategicHub.tsx,175,hardcoded-palette,P0,"§1.1 colors — tokens only, no raw palette classes","<Card className=""glass border-amber-500/20 bg-amber-500/5"">"
src/components/stable/GlobalStrategicHub.tsx,178,hardcoded-palette,P0,"§1.1 colors — tokens only, no raw palette classes","<CardTitle className=""text-sm font-bold uppercase tracking-widest text-amber-400 flex items-center gap-2"">"
src/components/stable/GlobalStrategicHub.tsx,181,hardcoded-palette,P0,"§1.1 colors — tokens only, no raw palette classes","<Link to=""/global-cup"" className=""text-[10px] text-amber-400 hover:underline"">"
src/components/stable/GlobalStrategicHub.tsx,188,hardcoded-palette,P0,"§1.1 colors — tokens only, no raw palette classes","<div className=""text-3xl font-display font-bold text-amber-400"">"
src/components/stable/GlobalStrategicHub.tsx,191,hardcoded-palette,P0,"§1.1 colors — tokens only, no raw palette classes","<div className=""text-sm text-slate-400"">"
src/components/stable/GlobalStrategicHub.tsx,200,hardcoded-palette,P0,"§1.1 colors — tokens only, no raw palette classes","className=""text-[10px] border-amber-500/30 text-amber-300"""
src/components/stable/GlobalStrategicHub.tsx,212,hardcoded-palette,P0,"§1.1 colors — tokens only, no raw palette classes","<Card className=""paper border-amber-500/30"">"
src/components/stable/GlobalStrategicHub.tsx,214,hardcoded-palette,P0,"§1.1 colors — tokens only, no raw palette classes","<CardTitle className=""text-base flex items-center gap-2 text-amber-400"">"
src/components/stable/GlobalStrategicHub.tsx,220,hardcoded-palette,P0,"§1.1 colors — tokens only, no raw palette classes","<div className=""text-4xl font-display font-bold text-amber-400"">{globalCupWins}</div>"
src/components/stable/GlobalStrategicHub.tsx,230,hardcoded-palette,P0,"§1.1 colors — tokens only, no raw palette classes","<Card className=""glass border-emerald-500/20 bg-emerald-500/5"">"
src/components/stable/GlobalStrategicHub.tsx,232,hardcoded-palette,P0,"§1.1 colors — tokens only, no raw palette classes","<CardTitle className=""text-sm font-bold uppercase tracking-widest text-emerald-400 flex items-center gap-2"">"
src/components/stable/GlobalStrategicHub.tsx,242,hardcoded-palette,P0,"§1.1 colors — tokens only, no raw palette classes","className=""p-3 rounded-lg border border-emerald-500/10 bg-slate-950/40"""
src/components/stable/GlobalStrategicHub.tsx,244,hardcoded-palette,P0,"§1.1 colors — tokens only, no raw palette classes","<div className=""text-xs font-bold text-slate-200"">{def?.label}</div>"
src/components/stable/GlobalStrategicHub.tsx,245,hardcoded-palette,P0,"§1.1 colors — tokens only, no raw palette classes","<div className=""text-[10px] text-slate-500 mt-1 line-clamp-2"">"
src/components/stable/GlobalStrategicHub.tsx,248,hardcoded-palette,P0,"§1.1 colors — tokens only, no raw palette classes","<div className=""mt-2 flex items-center gap-1 text-emerald-500 font-bold text-[10px]"">"
src/components/stable/GlobalStrategicHub.tsx,95,arbitrary-text-size,P1,"§2.2 type scale — no arbitrary px sizes","<Badge variant=""secondary"" className=""text-[9px]"">"
src/components/stable/GlobalStrategicHub.tsx,102,arbitrary-text-size,P1,"§2.2 type scale — no arbitrary px sizes","className=""text-[9px] bg-amber-500/10 text-amber-500 border-amber-500/20"""
src/components/stable/GlobalStrategicHub.tsx,110,arbitrary-text-size,P1,"§2.2 type scale — no arbitrary px sizes","className=""text-[9px] border-emerald-500/30 text-emerald-400 flex items-center gap-1"""
src/components/stable/GlobalStrategicHub.tsx,153,arbitrary-text-size,P1,"§2.2 type scale — no arbitrary px sizes","<Badge className=""bg-amber-500/20 text-amber-400 border-amber-500/20 text-[8px]"">"
src/components/stable/ChronicleRoom.tsx,49,banned-gradient,P0,"§1.3/§3.3 anti-patterns — no decorative gradients","""w-32 h-32 rounded-2xl flex items-center justify-center bg-gradient-to-br from-slate-900 to-slate-800 shadow-xl border-2"
src/components/stable/ChronicleRoom.tsx,159,banned-gradient,P0,"§1.3/§3.3 anti-patterns — no decorative gradients","<div className=""p-6 bg-gradient-to-br from-slate-900 to-slate-950"">"
src/components/stable/ChronicleRoom.tsx,22,hardcoded-palette,P0,"§1.1 colors — tokens only, no raw palette classes","<History className=""h-12 w-12 text-slate-400 mb-4"" />"
src/components/stable/ChronicleRoom.tsx,24,hardcoded-palette,P0,"§1.1 colors — tokens only, no raw palette classes","<p className=""text-sm text-slate-500 max-w-xs"">"
src/components/stable/ChronicleRoom.tsx,49,hardcoded-palette,P0,"§1.1 colors — tokens only, no raw palette classes","""w-32 h-32 rounded-2xl flex items-center justify-center bg-gradient-to-br from-slate-900 to-slate-800 shadow-xl border-2"
src/components/stable/ChronicleRoom.tsx,51,hardcoded-palette,P0,"§1.1 colors — tokens only, no raw palette classes","? ""border-amber-400/50 shadow-amber-900/20"""
src/components/stable/ChronicleRoom.tsx,52,hardcoded-palette,P0,"§1.1 colors — tokens only, no raw palette classes",": ""border-slate-700"""
src/components/stable/ChronicleRoom.tsx,72,hardcoded-palette,P0,"§1.1 colors — tokens only, no raw palette classes","<p className=""text-slate-400 max-w-2xl leading-relaxed"">"
src/components/stable/ChronicleRoom.tsx,78,hardcoded-palette,P0,"§1.1 colors — tokens only, no raw palette classes","<div className=""bg-slate-900/50 border border-slate-800 rounded-lg px-4 py-2"">"
src/components/stable/ChronicleRoom.tsx,79,hardcoded-palette,P0,"§1.1 colors — tokens only, no raw palette classes","<span className=""text-[10px] uppercase font-black text-slate-500 block"">"
src/components/stable/ChronicleRoom.tsx,86,hardcoded-palette,P0,"§1.1 colors — tokens only, no raw palette classes","<div className=""bg-slate-900/50 border border-slate-800 rounded-lg px-4 py-2"">"
src/components/stable/ChronicleRoom.tsx,87,hardcoded-palette,P0,"§1.1 colors — tokens only, no raw palette classes","<span className=""text-[10px] uppercase font-black text-slate-500 block"">"
src/components/stable/ChronicleRoom.tsx,108,hardcoded-palette,P0,"§1.1 colors — tokens only, no raw palette classes","<div className=""space-y-4 relative before:absolute before:left-4 before:top-2 before:bottom-2 before:w-0.5 before:bg-sla"
src/components/stable/ChronicleRoom.tsx,114,hardcoded-palette,P0,"§1.1 colors — tokens only, no raw palette classes","<div className=""absolute left-[13px] top-1.5 w-2 h-2 rounded-full bg-slate-700 group-hover:bg-primary transition-colors "
src/components/stable/ChronicleRoom.tsx,115,hardcoded-palette,P0,"§1.1 colors — tokens only, no raw palette classes","<div className=""bg-slate-900/40 border border-slate-800 rounded-xl p-4 transition-all hover:bg-slate-900/60 hover:border"
src/components/stable/ChronicleRoom.tsx,117,hardcoded-palette,P0,"§1.1 colors — tokens only, no raw palette classes","<h4 className=""font-bold text-slate-200"">The Reign of {era.oyakataName}</h4>"
src/components/stable/ChronicleRoom.tsx,118,hardcoded-palette,P0,"§1.1 colors — tokens only, no raw palette classes","<span className=""text-[10px] font-mono text-slate-500"">"
src/components/stable/ChronicleRoom.tsx,123,hardcoded-palette,P0,"§1.1 colors — tokens only, no raw palette classes","<div className=""flex gap-4 text-[10px] text-slate-400 uppercase font-black mb-3"">"
src/components/stable/ChronicleRoom.tsx,138,hardcoded-palette,P0,"§1.1 colors — tokens only, no raw palette classes","<p className=""text-sm italic text-slate-500 bg-slate-950/30 p-2 rounded-md border border-slate-900"">"
src/components/stable/ChronicleRoom.tsx,157,hardcoded-palette,P0,"§1.1 colors — tokens only, no raw palette classes","<Card className=""glass shadow-xl overflow-hidden border-slate-800/50"">"
src/components/stable/ChronicleRoom.tsx,159,hardcoded-palette,P0,"§1.1 colors — tokens only, no raw palette classes","<div className=""p-6 bg-gradient-to-br from-slate-900 to-slate-950"">"
src/components/stable/ChronicleRoom.tsx,162,hardcoded-palette,P0,"§1.1 colors — tokens only, no raw palette classes","<span className=""text-[10px] uppercase font-black text-slate-500"">"
src/components/stable/ChronicleRoom.tsx,170,hardcoded-palette,P0,"§1.1 colors — tokens only, no raw palette classes","<span className=""text-[10px] uppercase font-black text-slate-500"">"
src/components/stable/ChronicleRoom.tsx,178,hardcoded-palette,P0,"§1.1 colors — tokens only, no raw palette classes","<div className=""mt-4 pt-4 border-t border-slate-800 text-xs text-slate-400 flex items-center gap-2"">"
src/components/stable/ChronicleRoom.tsx,181,hardcoded-palette,P0,"§1.1 colors — tokens only, no raw palette classes","className=""text-[9px] uppercase font-black bg-slate-800"""
src/components/stable/ChronicleRoom.tsx,200,hardcoded-palette,P0,"§1.1 colors — tokens only, no raw palette classes","<div className=""bg-slate-900/20 border border-slate-800/40 rounded-xl p-6 flex flex-col items-center justify-center text"
src/components/stable/ChronicleRoom.tsx,201,hardcoded-palette,P0,"§1.1 colors — tokens only, no raw palette classes","<Users className=""h-8 w-8 text-slate-600 mb-3"" />"
src/components/stable/ChronicleRoom.tsx,202,hardcoded-palette,P0,"§1.1 colors — tokens only, no raw palette classes","<p className=""text-xs text-slate-500 max-w-[200px]"">"
src/components/stable/ChronicleRoom.tsx,138,italic-numerals,P2,"§2.3 data display — numerals never italic","<p className=""text-sm italic text-slate-500 bg-slate-950/30 p-2 rounded-md border border-slate-900"">"
src/components/stable/ChronicleRoom.tsx,181,arbitrary-text-size,P1,"§2.2 type scale — no arbitrary px sizes","className=""text-[9px] uppercase font-black bg-slate-800"""
src/components/ui/badge-variants.ts,4,arbitrary-text-size,P1,"§2.2 type scale — no arbitrary px sizes","""inline-flex items-center rounded border px-1.5 py-0.5 text-[9px] font-mono font-semibold tracking-wider transition-colo"
src/components/ui/colorMaps.ts,24,hardcoded-palette,P0,"§1.1 colors — tokens only, no raw palette classes","worn: { label: ""Worn"", color: ""text-orange-500"" },"
src/components/ui/colorMaps.ts,29,hardcoded-palette,P0,"§1.1 colors — tokens only, no raw palette classes","elevated: { label: ""Elevated"", color: ""text-orange-500"" },"
src/components/ui/colorMaps.ts,34,hardcoded-palette,P0,"§1.1 colors — tokens only, no raw palette classes","hot: { label: ""Hot"", color: ""text-orange-500"" },"
src/components/ui/colorMaps.ts,40,hardcoded-palette,P0,"§1.1 colors — tokens only, no raw palette classes","developing: { label: ""Developing"", color: ""text-orange-500"" },"
src/components/ui/colorMaps.ts,130,hardcoded-palette,P0,"§1.1 colors — tokens only, no raw palette classes","investigation: ""text-orange-500"","
src/components/ui/button-variants.ts,11,banned-gradient,P0,"§1.3/§3.3 anti-patterns — no decorative gradients","""bg-gradient-to-br from-primary to-[hsl(44,68%,40%)] text-primary-foreground border-transparent font-mono uppercase trac"
src/components/basho/NakabiHighlightCard.tsx,40,arbitrary-text-size,P1,"§2.2 type scale — no arbitrary px sizes","<Badge variant=""outline"" className=""ml-auto text-[9px]"">"
src/components/basho/JungyoInvitationCard.tsx,28,arbitrary-text-size,P1,"§2.2 type scale — no arbitrary px sizes","<Badge variant=""outline"" className=""ml-auto text-[9px]"">"
src/components/basho/BashoStandingsEvolution.tsx,26,hex-color,P0,"§1.1 colors — tokens only","""#60a5fa"","
src/components/basho/BashoStandingsEvolution.tsx,27,hex-color,P0,"§1.1 colors — tokens only","""#34d399"","
src/components/basho/BashoStandingsEvolution.tsx,28,hex-color,P0,"§1.1 colors — tokens only","""#f472b6"","
src/components/basho/BashoStandingsEvolution.tsx,29,hex-color,P0,"§1.1 colors — tokens only","""#fb923c"","
src/components/basho/BashoStandingsEvolution.tsx,30,hex-color,P0,"§1.1 colors — tokens only","""#a78bfa"","
src/components/basho/BashoStandingsEvolution.tsx,31,hex-color,P0,"§1.1 colors — tokens only","""#facc15"","
src/components/basho/BashoStandingsEvolution.tsx,32,hex-color,P0,"§1.1 colors — tokens only","""#94a3b8"","
src/components/recap/TournamentCeremony.tsx,46,banned-gradient,P0,"§1.3/§3.3 anti-patterns — no decorative gradients","<div className=""absolute -inset-1 bg-gradient-to-r from-gold/20 via-gold/10 to-gold/20 rounded-lg blur-xl opacity-50 gro"
src/components/recap/TournamentCeremony.tsx,48,italic-numerals,P2,"§2.3 data display — numerals never italic","<div className=""absolute top-0 right-0 p-8 opacity-[0.03] font-display text-9xl font-black italic pointer-events-none -r"
src/components/recap/TournamentCeremony.tsx,109,oversized-tracking,P2,"§2.2 tracking ≤0.15em","<div className=""text-xs uppercase font-black tracking-[0.5em]"">Emperor's Cup</div>"
src/components/recap/TournamentCeremony.tsx,97,arbitrary-text-size,P1,"§2.2 type scale — no arbitrary px sizes","<div className=""text-[8px] uppercase font-black opacity-40"">Final Record</div>"
src/components/recap/TournamentCeremony.tsx,100,arbitrary-text-size,P1,"§2.2 type scale — no arbitrary px sizes","<Badge className=""bg-primary text-white font-black tracking-widest text-[9px] px-4 h-8 animate-pulse shadow-xl shadow-pr"
src/components/recap/TournamentCeremony.tsx,128,arbitrary-text-size,P1,"§2.2 type scale — no arbitrary px sizes","<p className=""text-[9px] uppercase font-bold tracking-widest text-muted-foreground"">"
src/components/recap/TournamentCeremony.tsx,170,arbitrary-text-size,P1,"§2.2 type scale — no arbitrary px sizes","<p className=""text-[9px] uppercase font-bold tracking-widest text-muted-foreground"">"
src/components/recap/NarrativeSummary.tsx,272,glassmorphism,P1,"§3.3 anti-patterns — no glassmorphism","className=""flex gap-4 p-3 bg-white/50 border-2 border-primary/10 rounded-lg"""
src/components/recap/NarrativeSummary.tsx,98,italic-numerals,P2,"§2.3 data display — numerals never italic","<p className=""text-[10px] text-muted-foreground italic leading-relaxed opacity-80"">"
src/components/recap/NarrativeSummary.tsx,411,italic-numerals,P2,"§2.3 data display — numerals never italic","<p className=""text-[10px] text-muted-foreground/60 italic border-l-2 border-destructive/20 pl-2"">"
src/components/recap/NarrativeSummary.tsx,441,italic-numerals,P2,"§2.3 data display — numerals never italic","<p className=""text-xs text-muted-foreground italic leading-relaxed mb-3"">"
src/components/recap/NarrativeSummary.tsx,302,oversized-tracking,P2,"§2.2 tracking ≤0.15em","<h4 className=""text-[10px] font-black uppercase tracking-[0.3em] text-muted-foreground flex items-center gap-2"">"
src/components/recap/NarrativeSummary.tsx,106,arbitrary-text-size,P1,"§2.2 type scale — no arbitrary px sizes","className=""text-[8px] font-black uppercase tracking-widest bg-destructive/10 text-destructive"""
src/components/recap/NarrativeSummary.tsx,114,arbitrary-text-size,P1,"§2.2 type scale — no arbitrary px sizes","""text-[8px] font-black uppercase tracking-widest"","
src/components/recap/NarrativeSummary.tsx,163,arbitrary-text-size,P1,"§2.2 type scale — no arbitrary px sizes","className=""text-[9px] font-black uppercase tracking-widest"""
src/components/recap/NarrativeSummary.tsx,177,arbitrary-text-size,P1,"§2.2 type scale — no arbitrary px sizes","<div className=""text-[8px] uppercase font-black text-muted-foreground/60 tracking-widest leading-none"">"
src/components/recap/NarrativeSummary.tsx,196,arbitrary-text-size,P1,"§2.2 type scale — no arbitrary px sizes","<p className=""text-[9px] uppercase font-black tracking-widest text-muted-foreground"">"
src/components/recap/NarrativeSummary.tsx,229,arbitrary-text-size,P1,"§2.2 type scale — no arbitrary px sizes","<p className=""text-[9px] uppercase font-black tracking-widest text-muted-foreground"">"
src/components/recap/NarrativeSummary.tsx,378,arbitrary-text-size,P1,"§2.2 type scale — no arbitrary px sizes","""text-[8px] font-black uppercase tracking-widest"","
src/components/recap/NarrativeSummary.tsx,389,arbitrary-text-size,P1,"§2.2 type scale — no arbitrary px sizes","<span className=""text-[9px] text-muted-foreground italic"">"
src/components/recap/NarrativeSummary.tsx,403,arbitrary-text-size,P1,"§2.2 type scale — no arbitrary px sizes","className=""text-[7px] font-bold uppercase tracking-wider bg-muted/50"""
src/components/recap/NarrativeSummary.tsx,482,arbitrary-text-size,P1,"§2.2 type scale — no arbitrary px sizes","<div className=""text-[8px] uppercase font-black opacity-40"">Association Year</div>"
src/components/recap/NarrativeSummary.tsx,489,arbitrary-text-size,P1,"§2.2 type scale — no arbitrary px sizes","<div className=""text-[8px] uppercase font-black opacity-40"">Active Stables</div>"
src/components/recap/NarrativeSummary.tsx,118,screaming-copy,P2,"§11 writing style — no SCREAMING_SNAKE display copy","{isPromotion ? ""PROMOTION"" : ""DEMOTION""}"
src/components/banzuke/YokozunaTrajectory.tsx,64,rgb-color,P0,"§1.1 colors — tokens only","style={{ background: ""linear-gradient(to top, rgb(var(--gold)) 50%, transparent 50%)"" }}"
src/components/banzuke/YokozunaTrajectory.tsx,85,hardcoded-palette,P0,"§1.1 colors — tokens only, no raw palette classes","<span className=""text-xs font-semibold text-yellow-400 font-display"">"
src/components/banzuke/YokozunaTrajectory.tsx,168,hardcoded-palette,P0,"§1.1 colors — tokens only, no raw palette classes","? ""bg-yellow-400"""
src/components/banzuke/YokozunaTrajectory.tsx,54,arbitrary-text-size,P1,"§2.2 type scale — no arbitrary px sizes","<span className=""text-[8px] font-mono font-bold text-background leading-none"">Y</span>"
src/components/banzuke/YokozunaTrajectory.tsx,116,arbitrary-text-size,P1,"§2.2 type scale — no arbitrary px sizes","<Badge variant=""outline"" className=""border-primary/40 text-primary text-[9px]"">"
src/components/banzuke/RikishiCell.tsx,69,arbitrary-text-size,P1,"§2.2 type scale — no arbitrary px sizes","className=""text-[14px] ml-auto cursor-help"""
src/components/banzuke/RikishiCell.tsx,82,arbitrary-text-size,P1,"§2.2 type scale — no arbitrary px sizes","<Badge variant=""destructive"" className=""text-[9px] ml-auto cursor-help"">"
src/components/banzuke/RikishiCell.tsx,89,arbitrary-text-size,P1,"§2.2 type scale — no arbitrary px sizes","<Badge className=""text-[9px] rank-yokozuna text-primary-foreground ml-auto cursor-help"">"
src/components/banzuke/RikishiCell.tsx,99,arbitrary-text-size,P1,"§2.2 type scale — no arbitrary px sizes","<Badge variant=""destructive"" className=""text-[9px] ml-auto cursor-help"">"
src/components/banzuke/RankChangeIndicator.tsx,19,arbitrary-text-size,P1,"§2.2 type scale — no arbitrary px sizes","className=""text-[8px] h-4 px-1 border-primary/40 text-primary gap-0.5"""
src/components/banzuke/RankChangeIndicator.tsx,37,arbitrary-text-size,P1,"§2.2 type scale — no arbitrary px sizes","<span className=""text-[9px] font-mono font-bold"">+{steps}</span>"
src/components/banzuke/RankChangeIndicator.tsx,45,arbitrary-text-size,P1,"§2.2 type scale — no arbitrary px sizes","<span className=""text-[9px] font-mono font-bold"">−{steps}</span>"
src/components/economy/FinancialTrendsChart.tsx,121,rgb-color,P0,"§1.1 colors — tokens only","boxShadow: ""0 10px 30px rgba(0,0,0,0.1)"","
src/components/economy/SponsorshipHub.tsx,224,italic-numerals,P2,"§2.3 data display — numerals never italic","<p className=""text-xs text-muted-foreground italic leading-relaxed max-w-2xl font-medium"">"
src/components/economy/SponsorshipHub.tsx,58,oversized-tracking,P2,"§2.2 tracking ≤0.15em","<CardTitle className=""text-[10px] font-black uppercase tracking-[0.2em] text-muted-foreground flex items-center gap-2"">"
src/components/economy/SponsorshipHub.tsx,74,oversized-tracking,P2,"§2.2 tracking ≤0.15em","<CardTitle className=""text-[10px] font-black uppercase tracking-[0.2em] text-muted-foreground flex items-center gap-2"">"
src/components/economy/SponsorshipHub.tsx,90,oversized-tracking,P2,"§2.2 tracking ≤0.15em","<CardTitle className=""text-[10px] font-black uppercase tracking-[0.2em] text-muted-foreground flex items-center gap-2"">"
src/components/economy/SponsorshipHub.tsx,66,arbitrary-text-size,P1,"§2.2 type scale — no arbitrary px sizes","<p className=""text-[9px] uppercase font-bold text-muted-foreground/60 mt-1"">"
src/components/economy/SponsorshipHub.tsx,82,arbitrary-text-size,P1,"§2.2 type scale — no arbitrary px sizes","<p className=""text-[9px] uppercase font-bold text-muted-foreground/60 mt-1"">"
src/components/economy/SponsorshipHub.tsx,99,arbitrary-text-size,P1,"§2.2 type scale — no arbitrary px sizes","<p className=""text-[9px] uppercase font-bold text-muted-foreground/60 mt-1"">"
src/components/economy/SponsorshipHub.tsx,115,arbitrary-text-size,P1,"§2.2 type scale — no arbitrary px sizes","className=""h-8 text-[9px] font-black uppercase tracking-widest gap-2"""
src/components/economy/SponsorshipHub.tsx,134,arbitrary-text-size,P1,"§2.2 type scale — no arbitrary px sizes","<Badge variant=""secondary"" className=""text-[9px] font-black uppercase"">"
src/components/economy/SponsorshipHub.tsx,138,arbitrary-text-size,P1,"§2.2 type scale — no arbitrary px sizes","<div className=""flex items-center gap-4 text-[9px] font-black uppercase tracking-widest text-muted-foreground"">"
src/components/economy/SponsorshipHub.tsx,155,arbitrary-text-size,P1,"§2.2 type scale — no arbitrary px sizes","{sponsor.weeksRemaining} <span className=""text-[9px] uppercase"">Weeks</span>"
src/components/economy/SponsorshipHub.tsx,157,arbitrary-text-size,P1,"§2.2 type scale — no arbitrary px sizes","<div className=""text-[8px] uppercase font-bold opacity-40"">Remaining</div>"
src/components/economy/SponsorshipHub.tsx,163,arbitrary-text-size,P1,"§2.2 type scale — no arbitrary px sizes","<div className=""flex justify-between items-center text-[9px] font-black uppercase tracking-widest text-muted-foreground/"
src/components/economy/SponsorshipHub.tsx,183,arbitrary-text-size,P1,"§2.2 type scale — no arbitrary px sizes","<span className=""text-[8px] font-black uppercase opacity-40"">"
src/components/economy/SponsorshipHub.tsx,190,arbitrary-text-size,P1,"§2.2 type scale — no arbitrary px sizes","className=""h-6 text-[8px] font-black uppercase tracking-widest"""
src/components/economy/SponsorshipHub.tsx,235,arbitrary-text-size,P1,"§2.2 type scale — no arbitrary px sizes","<span className=""text-[8px] font-black text-muted-foreground uppercase opacity-50"">"
src/components/economy/DebtSection.tsx,116,arbitrary-text-size,P1,"§2.2 type scale — no arbitrary px sizes","<div className=""text-[9px] text-muted-foreground uppercase font-bold"">"
src/components/economy/DebtSection.tsx,122,arbitrary-text-size,P1,"§2.2 type scale — no arbitrary px sizes","<div className=""text-[9px] text-muted-foreground uppercase font-bold"">"
src/components/economy/DebtSection.tsx,128,arbitrary-text-size,P1,"§2.2 type scale — no arbitrary px sizes","<div className=""text-[9px] text-muted-foreground uppercase font-bold"">"
src/components/economy/DebtSection.tsx,187,arbitrary-text-size,P1,"§2.2 type scale — no arbitrary px sizes","<div className=""text-[9px] text-muted-foreground uppercase font-bold"">"
src/components/economy/DebtSection.tsx,195,arbitrary-text-size,P1,"§2.2 type scale — no arbitrary px sizes","className=""text-[9px] border-destructive/30 text-destructive bg-destructive/5 py-0"""
src/components/economy/FacilityROIChart.tsx,113,rgb-color,P0,"§1.1 colors — tokens only","boxShadow: ""0 10px 30px rgba(0,0,0,0.1)"","
src/components/officials/OfficialsPanel.tsx,47,arbitrary-text-size,P1,"§2.2 type scale — no arbitrary px sizes","<Badge variant=""outline"" className=""text-[9px] uppercase tracking-widest"">"
src/components/SplashScreen.tsx,10,hex-color,P0,"§1.1 colors — tokens only","style={{ backgroundColor: ""#0f172a"" }}"
src/components/rikishi/RankBadge.tsx,127,arbitrary-text-size,P1,"§2.2 type scale — no arbitrary px sizes","division === ""lower"" && ""bg-muted text-muted-foreground text-[9px]"","
src/components/rikishi/KihakuStatRow.tsx,51,arbitrary-text-size,P1,"§2.2 type scale — no arbitrary px sizes","className=""text-[9px] uppercase leading-none"""
src/components/rikishi/KihakuStatRow.tsx,61,arbitrary-text-size,P1,"§2.2 type scale — no arbitrary px sizes","className=""text-[14px] font-bold leading-tight tabular-nums"""
src/components/rikishi/RosterList.tsx,153,italic-numerals,P2,"§2.3 data display — numerals never italic","""absolute top-0 right-0 p-4 opacity-5 font-display text-5xl font-black italic group-hover:opacity-10 transition-opacity"""
src/components/rikishi/RosterList.tsx,189,arbitrary-text-size,P1,"§2.2 type scale — no arbitrary px sizes","<div className=""text-[9px] font-bold text-muted-foreground uppercase tracking-widest opacity-60"">"
src/components/rikishi/RosterList.tsx,203,arbitrary-text-size,P1,"§2.2 type scale — no arbitrary px sizes","<div className=""text-[8px] uppercase font-black text-muted-foreground tracking-tighter mt-1"">"
src/components/rikishi/RosterList.tsx,208,arbitrary-text-size,P1,"§2.2 type scale — no arbitrary px sizes","className=""text-[9px] font-mono uppercase tracking-widest text-gold/80 mt-1"""
src/components/rikishi/RosterList.tsx,216,arbitrary-text-size,P1,"§2.2 type scale — no arbitrary px sizes","className=""text-[9px] font-mono uppercase tracking-widest text-primary mt-1"""
src/components/rikishi/RosterList.tsx,228,arbitrary-text-size,P1,"§2.2 type scale — no arbitrary px sizes","<div className=""flex items-center gap-1.5 text-[8px] font-black uppercase tracking-widest text-muted-foreground leading-"
src/components/rikishi/RosterList.tsx,241,arbitrary-text-size,P1,"§2.2 type scale — no arbitrary px sizes","<div className=""flex items-center gap-1.5 text-[8px] font-black uppercase tracking-widest text-muted-foreground leading-"
src/components/rikishi/RikishiPotentialPanel.tsx,135,arbitrary-text-size,P1,"§2.2 type scale — no arbitrary px sizes","{descriptor && <div className=""text-[9px] text-muted-foreground/60"">{descriptor}</div>}"
src/components/rikishi/RikishiCombatTab.tsx,146,italic-numerals,P2,"§2.3 data display — numerals never italic","<div className=""text-sm text-muted-foreground italic p-4 bg-muted/5 border border-dashed rounded-lg"">"
src/components/rikishi/RikishiCombatTab.tsx,73,arbitrary-text-size,P1,"§2.2 type scale — no arbitrary px sizes","<p className=""text-[9px] font-black uppercase tracking-widest text-muted-foreground"">"
src/components/rikishi/RikishiCombatTab.tsx,81,arbitrary-text-size,P1,"§2.2 type scale — no arbitrary px sizes","<p className=""text-[9px] font-black uppercase tracking-widest text-muted-foreground"">"
src/components/rikishi/RikishiCombatTab.tsx,113,arbitrary-text-size,P1,"§2.2 type scale — no arbitrary px sizes","className=""text-[9px] uppercase font-black tracking-widest"""
src/components/rikishi/RikishiCombatTab.tsx,123,arbitrary-text-size,P1,"§2.2 type scale — no arbitrary px sizes","<div className=""flex items-center justify-between w-full text-[9px] font-black uppercase tracking-tighter"">"
src/components/rikishi/RikishiProfileTab.tsx,228,hardcoded-palette,P0,"§1.1 colors — tokens only, no raw palette classes","color: ""bg-purple-500"","
src/components/rikishi/RikishiProfileTab.tsx,303,arbitrary-text-size,P1,"§2.2 type scale — no arbitrary px sizes","className=""text-[9px] font-bold uppercase tracking-widest"""
src/components/rikishi/RikishiProfileHeader.tsx,95,glassmorphism,P1,"§3.3 anti-patterns — no glassmorphism","className=""bg-white/10 text-white border-white/20 font-bold h-6 uppercase text-[9px] tracking-widest"""
src/components/rikishi/RikishiProfileHeader.tsx,217,glassmorphism,P1,"§3.3 anti-patterns — no glassmorphism","<div className=""h-1.5 w-full bg-white/10 rounded-full overflow-hidden"">"
src/components/rikishi/RikishiProfileHeader.tsx,307,glassmorphism,P1,"§3.3 anti-patterns — no glassmorphism","<div className=""h-1.5 w-full bg-white/10 rounded-full overflow-hidden"">"
src/components/rikishi/RikishiProfileHeader.tsx,431,glassmorphism,P1,"§3.3 anti-patterns — no glassmorphism","{i < 2 && <div className=""w-px h-12 bg-white/10 hidden lg:block"" />}"
src/components/rikishi/RikishiProfileHeader.tsx,268,hardcoded-palette,P0,"§1.1 colors — tokens only, no raw palette classes","<span className=""text-orange-500 flex items-center gap-1"">"
src/components/rikishi/RikishiProfileHeader.tsx,274,hardcoded-palette,P0,"§1.1 colors — tokens only, no raw palette classes","<span className=""text-orange-500 font-black"">"
src/components/rikishi/RikishiProfileHeader.tsx,354,hardcoded-palette,P0,"§1.1 colors — tokens only, no raw palette classes","color: ""text-blue-400"","
src/components/rikishi/RikishiProfileHeader.tsx,61,italic-numerals,P2,"§2.3 data display — numerals never italic","<div className=""absolute top-0 right-0 p-8 opacity-10 font-display text-9xl font-black pointer-events-none uppercase ita"
src/components/rikishi/RikishiProfileHeader.tsx,53,oversized-tracking,P2,"§2.2 tracking ≤0.15em","className=""gap-2 h-10 px-4 text-[10px] font-black uppercase tracking-[0.2em] text-muted-foreground hover:text-primary tr"
src/components/rikishi/RikishiProfileHeader.tsx,187,oversized-tracking,P2,"§2.2 tracking ≤0.15em","<div className=""flex flex-wrap gap-x-6 gap-y-2 text-[10px] uppercase font-black tracking-[0.2em] opacity-80 pt-2"">"
src/components/rikishi/RikishiProfileHeader.tsx,80,arbitrary-text-size,P1,"§2.2 type scale — no arbitrary px sizes","""font-bold h-6 uppercase text-[9px] tracking-widest"","
src/components/rikishi/RikishiProfileHeader.tsx,95,arbitrary-text-size,P1,"§2.2 type scale — no arbitrary px sizes","className=""bg-white/10 text-white border-white/20 font-bold h-6 uppercase text-[9px] tracking-widest"""
src/components/rikishi/RikishiProfileHeader.tsx,103,arbitrary-text-size,P1,"§2.2 type scale — no arbitrary px sizes","className=""border-gold text-gold bg-gold/10 flex items-center gap-1.5 h-6 font-bold text-[9px] tracking-widest"""
src/components/rikishi/RikishiProfileHeader.tsx,112,arbitrary-text-size,P1,"§2.2 type scale — no arbitrary px sizes","className=""h-6 font-bold text-[9px] tracking-widest uppercase cursor-help"""
src/components/rikishi/RikishiProfileHeader.tsx,122,arbitrary-text-size,P1,"§2.2 type scale — no arbitrary px sizes","className=""border-warning text-warning bg-warning/10 h-6 font-bold text-[9px] tracking-widest uppercase cursor-help"""
src/components/rikishi/RikishiProfileHeader.tsx,134,arbitrary-text-size,P1,"§2.2 type scale — no arbitrary px sizes","className=""border-muted-foreground text-muted-foreground bg-muted/10 h-6 font-bold text-[9px] tracking-widest uppercase "
src/components/rikishi/RikishiProfileHeader.tsx,237,arbitrary-text-size,P1,"§2.2 type scale — no arbitrary px sizes","<div className=""flex flex-col gap-1 text-[9px]"">"
src/components/rikishi/RikishiProfileHeader.tsx,427,arbitrary-text-size,P1,"§2.2 type scale — no arbitrary px sizes","<div className=""text-[8px] uppercase font-bold opacity-40"">{stat.sub}</div>"
src/components/rikishi/RikishiCareerTab.tsx,175,italic-numerals,P2,"§2.3 data display — numerals never italic","<div className=""flex items-center justify-center h-full text-muted-foreground text-sm font-display italic opacity-60"">"
src/components/rikishi/RikishiCareerTab.tsx,563,italic-numerals,P2,"§2.3 data display — numerals never italic","<p className=""text-sm text-muted-foreground leading-relaxed font-display italic opacity-80"">"
src/components/rikishi/RikishiCareerTab.tsx,739,italic-numerals,P2,"§2.3 data display — numerals never italic","<p className=""text-sm text-muted-foreground leading-relaxed font-display italic opacity-80"">"
src/components/rikishi/RikishiCareerTab.tsx,405,oversized-tracking,P2,"§2.2 tracking ≤0.15em","<tr className=""text-left border-b-2 text-[10px] font-black uppercase tracking-[0.2em] text-muted-foreground opacity-60"">"
src/components/rikishi/RikishiCareerTab.tsx,88,arbitrary-text-size,P1,"§2.2 type scale — no arbitrary px sizes","<div className=""opacity-60 text-[9px] pt-1"">"
src/components/rikishi/RikishiCareerTab.tsx,427,arbitrary-text-size,P1,"§2.2 type scale — no arbitrary px sizes","className=""text-[9px] font-black uppercase tracking-widest px-2 h-5 border-2 group-hover:border-primary/30 transition-co"
src/components/rikishi/RikishiCareerTab.tsx,442,arbitrary-text-size,P1,"§2.2 type scale — no arbitrary px sizes","<div className=""text-[8px] uppercase font-black opacity-40"">"
src/components/rikishi/RikishiCareerTab.tsx,489,arbitrary-text-size,P1,"§2.2 type scale — no arbitrary px sizes","className=""[&>div]:h-4 [&>div]:w-4 [&>div]:text-[8px] [&>div]:gap-0"""
src/components/rikishi/RikishiCareerTab.tsx,514,arbitrary-text-size,P1,"§2.2 type scale — no arbitrary px sizes","<div className=""text-[9px] text-muted-foreground/60"">{weightLabel}</div>"
src/components/rikishi/RikishiCareerTab.tsx,606,arbitrary-text-size,P1,"§2.2 type scale — no arbitrary px sizes","<Badge className=""text-[9px] font-black uppercase tracking-widest bg-gold/20 text-gold border border-gold/40"">"
src/components/rikishi/RikishiCareerTab.tsx,611,arbitrary-text-size,P1,"§2.2 type scale — no arbitrary px sizes","<Badge className=""text-[9px] font-black uppercase tracking-widest bg-primary/20 text-primary border border-primary/40"">"
src/components/rikishi/RikishiCareerTab.tsx,616,arbitrary-text-size,P1,"§2.2 type scale — no arbitrary px sizes","<Badge className=""text-[9px] font-black uppercase tracking-widest bg-gold/20 text-gold border border-gold/40"">"
src/components/rikishi/RikishiCareerTab.tsx,622,arbitrary-text-size,P1,"§2.2 type scale — no arbitrary px sizes","className=""text-[9px] font-black uppercase tracking-widest"""
src/components/rikishi/RikishiCareerTab.tsx,628,arbitrary-text-size,P1,"§2.2 type scale — no arbitrary px sizes","className=""text-[9px] font-black uppercase tracking-widest"""
src/components/rikishi/RikishiCareerTab.tsx,670,arbitrary-text-size,P1,"§2.2 type scale — no arbitrary px sizes","className=""text-[9px] font-black uppercase tracking-widest border-2"""
src/components/rikishi/RikishiCareerTab.tsx,682,arbitrary-text-size,P1,"§2.2 type scale — no arbitrary px sizes","<Badge className=""text-[8px] font-black uppercase tracking-widest bg-primary/20 text-primary"">"
src/components/rikishi/RikishiCareerTab.tsx,687,arbitrary-text-size,P1,"§2.2 type scale — no arbitrary px sizes","<Badge className=""text-[8px] font-black uppercase tracking-widest bg-gold/20 text-gold"">"
src/components/rikishi/RikishiCareerTab.tsx,692,arbitrary-text-size,P1,"§2.2 type scale — no arbitrary px sizes","<Badge className=""text-[8px] font-black uppercase tracking-widest bg-success/20 text-success"">"
src/components/rikishi/RikishiLineage.tsx,18,hardcoded-palette,P0,"§1.1 colors — tokens only, no raw palette classes","<div className=""p-5 bg-slate-900/40 border border-slate-800 rounded-xl h-full"">"
src/components/rikishi/RikishiLineage.tsx,19,hardcoded-palette,P0,"§1.1 colors — tokens only, no raw palette classes","<h3 className=""text-xs font-black uppercase tracking-widest text-slate-500 mb-6 flex items-center gap-2"">"
src/components/rikishi/RikishiLineage.tsx,25,hardcoded-palette,P0,"§1.1 colors — tokens only, no raw palette classes","<p className=""text-[10px] text-slate-500 uppercase mb-2"">Primary Mentor</p>"
src/components/rikishi/RikishiLineage.tsx,27,hardcoded-palette,P0,"§1.1 colors — tokens only, no raw palette classes","<div className=""flex items-center gap-3 p-3 bg-slate-950/50 border border-slate-800/50 rounded-lg group hover:border-amb"
src/components/rikishi/RikishiLineage.tsx,28,hardcoded-palette,P0,"§1.1 colors — tokens only, no raw palette classes","<div className=""w-8 h-8 rounded-full bg-slate-800 flex items-center justify-center"">"
src/components/rikishi/RikishiLineage.tsx,29,hardcoded-palette,P0,"§1.1 colors — tokens only, no raw palette classes","<User className=""h-4 w-4 text-slate-400"" />"
src/components/rikishi/RikishiLineage.tsx,41,hardcoded-palette,P0,"§1.1 colors — tokens only, no raw palette classes","<p className=""text-xs text-slate-600 italic"">No direct mentor recorded.</p>"
src/components/rikishi/RikishiLineage.tsx,46,hardcoded-palette,P0,"§1.1 colors — tokens only, no raw palette classes","<p className=""text-[10px] text-slate-500 uppercase mb-2"">"
src/components/rikishi/RikishiLineage.tsx,56,hardcoded-palette,P0,"§1.1 colors — tokens only, no raw palette classes","className=""flex items-center justify-between p-2 hover:bg-slate-800/30 rounded-md transition-colors"""
src/components/rikishi/RikishiLineage.tsx,66,hardcoded-palette,P0,"§1.1 colors — tokens only, no raw palette classes","<p className=""text-xs text-slate-600 italic"">No current mentees.</p>"
src/components/rikishi/RikishiLineage.tsx,37,arbitrary-text-size,P1,"§2.2 type scale — no arbitrary px sizes","<p className=""text-[9px] text-muted-foreground uppercase"">{mentor.rank}</p>"
src/components/rikishi/RikishiLineage.tsx,59,arbitrary-text-size,P1,"§2.2 type scale — no arbitrary px sizes","<Badge variant=""outline"" className=""text-[8px] px-1 py-0"">"
src/components/rikishi/RikishiNaturalization.tsx,33,oversized-tracking,P2,"§2.2 tracking ≤0.15em","<p className=""text-[10px] uppercase font-black tracking-[0.2em] text-gold/70"">"
src/components/rikishi/RikishiNaturalization.tsx,75,arbitrary-text-size,P1,"§2.2 type scale — no arbitrary px sizes","<p className=""text-[9px] font-bold text-gold/60 uppercase tracking-widest italic"">"
src/components/rikishi/RikishiNaturalization.tsx,43,screaming-copy,P2,"§11 writing style — no SCREAMING_SNAKE display copy","{rikishi.careerWins >= 400 ? ""ELIGIBLE"" : ""IN REVIEW""}"
src/components/rikishi/RikishiKeshoMawashi.tsx,29,banned-gradient,P0,"§1.3/§3.3 anti-patterns — no decorative gradients","<div className=""mb-10 p-6 bg-gradient-to-br from-primary/5 to-secondary/5 border-2 border-primary/10 rounded-lg relative"
src/components/rikishi/RikishiKeshoMawashi.tsx,54,hardcoded-palette,P0,"§1.1 colors — tokens only, no raw palette classes","<span className=""text-xs font-bold uppercase tracking-wider text-yellow-600"">"
src/components/rikishi/RikishiKeshoMawashi.tsx,35,oversized-tracking,P2,"§2.2 tracking ≤0.15em","<p className=""text-[10px] uppercase font-black tracking-[0.2em] text-muted-foreground"">"
src/components/EventDetailDialog.tsx,57,hardcoded-palette,P0,"§1.1 colors — tokens only, no raw palette classes","className: ""bg-orange-500 hover:bg-orange-600"","
src/components/EventDetailDialog.tsx,63,hardcoded-palette,P0,"§1.1 colors — tokens only, no raw palette classes","basho: <Trophy className=""h-5 w-5 text-yellow-500"" />,"
src/components/EventDetailDialog.tsx,64,hardcoded-palette,P0,"§1.1 colors — tokens only, no raw palette classes","match: <Swords className=""h-5 w-5 text-red-500"" />,"
src/components/EventDetailDialog.tsx,65,hardcoded-palette,P0,"§1.1 colors — tokens only, no raw palette classes","training: <GraduationCap className=""h-5 w-5 text-blue-500"" />,"
src/components/EventDetailDialog.tsx,66,hardcoded-palette,P0,"§1.1 colors — tokens only, no raw palette classes","injury: <HeartPulse className=""h-5 w-5 text-red-500"" />,"
src/components/EventDetailDialog.tsx,67,hardcoded-palette,P0,"§1.1 colors — tokens only, no raw palette classes","economy: <Coins className=""h-5 w-5 text-green-500"" />,"
src/components/EventDetailDialog.tsx,68,hardcoded-palette,P0,"§1.1 colors — tokens only, no raw palette classes","sponsor: <Coins className=""h-5 w-5 text-green-500"" />,"
src/components/EventDetailDialog.tsx,69,hardcoded-palette,P0,"§1.1 colors — tokens only, no raw palette classes","scouting: <Search className=""h-5 w-5 text-purple-500"" />,"
src/components/EventDetailDialog.tsx,70,hardcoded-palette,P0,"§1.1 colors — tokens only, no raw palette classes","rivalry: <Swords className=""h-5 w-5 text-orange-500"" />,"
src/components/EventDetailDialog.tsx,71,hardcoded-palette,P0,"§1.1 colors — tokens only, no raw palette classes","welfare: <AlertTriangle className=""h-5 w-5 text-yellow-500"" />,"
src/components/EventDetailDialog.tsx,72,hardcoded-palette,P0,"§1.1 colors — tokens only, no raw palette classes","media: <MessageCircle className=""h-5 w-5 text-zinc-400"" />,"
src/components/EventDetailDialog.tsx,74,hardcoded-palette,P0,"§1.1 colors — tokens only, no raw palette classes","facility: <Wrench className=""h-5 w-5 text-zinc-400"" />,"
src/components/EventDetailDialog.tsx,91,hardcoded-palette,P0,"§1.1 colors — tokens only, no raw palette classes","<DialogContent className=""sm:max-w-[500px] overflow-hidden border-none p-0 bg-zinc-950 text-zinc-100 shadow-2xl"">"
src/components/EventDetailDialog.tsx,97,hardcoded-palette,P0,"§1.1 colors — tokens only, no raw palette classes","? ""bg-red-500"""
src/components/EventDetailDialog.tsx,99,hardcoded-palette,P0,"§1.1 colors — tokens only, no raw palette classes","? ""bg-orange-500"""
src/components/EventDetailDialog.tsx,100,hardcoded-palette,P0,"§1.1 colors — tokens only, no raw palette classes",": ""bg-blue-500"""
src/components/EventDetailDialog.tsx,113,hardcoded-palette,P0,"§1.1 colors — tokens only, no raw palette classes","<div className=""flex items-center gap-2 text-zinc-400 text-sm"">"
src/components/EventDetailDialog.tsx,126,hardcoded-palette,P0,"§1.1 colors — tokens only, no raw palette classes","<div className=""flex gap-4 p-4 rounded-xl bg-zinc-900/50 border border-zinc-800/50"">"
src/components/EventDetailDialog.tsx,128,hardcoded-palette,P0,"§1.1 colors — tokens only, no raw palette classes","{categoryIconMap[event.category] || <Info className=""h-5 w-5 text-zinc-400"" />}"
src/components/EventDetailDialog.tsx,131,hardcoded-palette,P0,"§1.1 colors — tokens only, no raw palette classes","<div className=""text-xs uppercase font-bold text-zinc-500 tracking-widest"">"
src/components/EventDetailDialog.tsx,134,hardcoded-palette,P0,"§1.1 colors — tokens only, no raw palette classes","<DialogDescription className=""text-zinc-300 text-base leading-relaxed"">"
src/components/EventDetailDialog.tsx,144,hardcoded-palette,P0,"§1.1 colors — tokens only, no raw palette classes","className=""border-zinc-800 text-zinc-400 hover:bg-zinc-900 hover:text-zinc-100"""
src/components/EventDetailDialog.tsx,149,hardcoded-palette,P0,"§1.1 colors — tokens only, no raw palette classes","<Button asChild className=""bg-blue-600 hover:bg-blue-500 text-white gap-2"">"
src/components/layout/MainContentPane.tsx,52,arbitrary-text-size,P1,"§2.2 type scale — no arbitrary px sizes","className=""text-[9px] uppercase text-[hsl(var(--muted-foreground)/0.55)]"""
src/components/layout/EraToneBadge.tsx,27,arbitrary-text-size,P1,"§2.2 type scale — no arbitrary px sizes","className=""text-[9px] uppercase leading-none"""
src/components/layout/EventLogPanel.tsx,132,hardcoded-palette,P0,"§1.1 colors — tokens only, no raw palette classes","""w-full text-left p-2.5 rounded-md transition-all mb-1 cursor-pointer border border-transparent hover:border-zinc-800"","
src/components/layout/EventLogPanel.tsx,133,hardcoded-palette,P0,"§1.1 colors — tokens only, no raw palette classes","""hover:bg-zinc-900/50 active:bg-zinc-900 group relative"","
src/components/layout/EventLogPanel.tsx,141,hardcoded-palette,P0,"§1.1 colors — tokens only, no raw palette classes","""mt-0.5 shrink-0 p-1.5 rounded-lg bg-zinc-900"","
src/components/layout/EventLogPanel.tsx,149,hardcoded-palette,P0,"§1.1 colors — tokens only, no raw palette classes","<span className=""text-xs font-bold text-zinc-100 group-hover:text-white transition-colors truncate"">"
src/components/layout/EventLogPanel.tsx,152,hardcoded-palette,P0,"§1.1 colors — tokens only, no raw palette classes","<span className=""text-[10px] text-zinc-500 shrink-0 font-medium"">"
src/components/layout/EventLogPanel.tsx,156,hardcoded-palette,P0,"§1.1 colors — tokens only, no raw palette classes","<p className=""text-[11px] text-zinc-400 leading-relaxed line-clamp-2"">"
src/components/layout/EventLogPanel.tsx,166,hardcoded-palette,P0,"§1.1 colors — tokens only, no raw palette classes","e.importance === ""headline"" ? ""bg-red-500"" : ""bg-orange-500"""
src/components/layout/EventLogPanel.tsx,170,hardcoded-palette,P0,"§1.1 colors — tokens only, no raw palette classes","<span className=""text-[9px] uppercase font-bold text-zinc-600 tracking-wider"">"
src/components/layout/EventLogPanel.tsx,170,arbitrary-text-size,P1,"§2.2 type scale — no arbitrary px sizes","<span className=""text-[9px] uppercase font-bold text-zinc-600 tracking-wider"">"
src/components/layout/EventLogPanel.tsx,174,arbitrary-text-size,P1,"§2.2 type scale — no arbitrary px sizes","<span className=""text-[9px] uppercase font-bold text-primary/70 tracking-wider ml-auto"">"
src/components/layout/AppSidebar.tsx,148,oversized-tracking,P2,"§2.2 tracking ≤0.15em","<span className=""text-[9px] text-[hsl(var(--gold)/0.6)] font-mono uppercase tracking-[0.2em]"">"
src/components/layout/AppSidebar.tsx,119,arbitrary-text-size,P1,"§2.2 type scale — no arbitrary px sizes","className=""text-[9px] text-[hsl(var(--sidebar-foreground)/0.45)] uppercase leading-tight mt-0.5"""
src/components/layout/AppSidebar.tsx,148,arbitrary-text-size,P1,"§2.2 type scale — no arbitrary px sizes","<span className=""text-[9px] text-[hsl(var(--gold)/0.6)] font-mono uppercase tracking-[0.2em]"">"
src/components/layout/AppSidebar.tsx,182,arbitrary-text-size,P1,"§2.2 type scale — no arbitrary px sizes","<span className=""group-data-[collapsible=icon]:hidden flex-1 truncate text-[13px] text-[hsl(var(--sidebar-foreground)/0."
src/components/layout/AppSidebar.tsx,229,arbitrary-text-size,P1,"§2.2 type scale — no arbitrary px sizes","<span className=""group-data-[collapsible=icon]:hidden flex-1 truncate text-[13px]"">"
src/components/layout/AppSidebar.tsx,234,arbitrary-text-size,P1,"§2.2 type scale — no arbitrary px sizes","className=""group-data-[collapsible=icon]:hidden shrink-0 rounded px-1.5 py-px text-[9px] font-semibold border"""
src/components/layout/AppSidebar.tsx,307,arbitrary-text-size,P1,"§2.2 type scale — no arbitrary px sizes","<span className=""text-[9px] uppercase truncate text-[hsl(var(--sidebar-foreground)/0.45)] font-mono tracking-[0.1em]"">"
src/components/layout/AppSidebar.tsx,320,arbitrary-text-size,P1,"§2.2 type scale — no arbitrary px sizes","className=""text-[9px] uppercase text-[hsl(var(--gold)/0.8)]"""
src/components/layout/control-center/CardEyebrow.tsx,15,oversized-tracking,P2,"§2.2 tracking ≤0.15em","<p className=""stat-label tracking-[0.16em]"">{eyebrow}</p>"
src/components/layout/control-center/PageHeader.tsx,30,oversized-tracking,P2,"§2.2 tracking ≤0.15em","<p className=""stat-label text-gold tracking-[0.2em]"">{eyebrow}</p>"
src/components/layout/control-center/StatCard.tsx,81,arbitrary-text-size,P1,"§2.2 type scale — no arbitrary px sizes","<p className=""stat-label text-[9px]"">{stat.label}</p>"
src/components/layout/control-center/StatCard.tsx,102,arbitrary-text-size,P1,"§2.2 type scale — no arbitrary px sizes","<p className=""stat-label text-[9px]"">{p.label}</p>"
src/components/layout/control-center/SectionHeader.tsx,30,oversized-tracking,P2,"§2.2 tracking ≤0.15em","<p className=""stat-label text-[9px] text-muted-foreground tracking-[0.18em]"">{eyebrow}</p>"
src/components/layout/control-center/SectionHeader.tsx,30,arbitrary-text-size,P1,"§2.2 type scale — no arbitrary px sizes","<p className=""stat-label text-[9px] text-muted-foreground tracking-[0.18em]"">{eyebrow}</p>"
src/components/layout/TopNavBar.tsx,80,arbitrary-text-size,P1,"§2.2 type scale — no arbitrary px sizes","className=""text-[9px] uppercase text-[hsl(var(--muted-foreground))]"""
src/components/layout/TopNavBar.tsx,139,arbitrary-text-size,P1,"§2.2 type scale — no arbitrary px sizes","className=""text-[9px] uppercase text-[hsl(var(--muted-foreground))]"""
src/components/training/TsukebitoPanel.tsx,42,arbitrary-text-size,P1,"§2.2 type scale — no arbitrary px sizes","<Badge variant=""outline"" className=""text-[9px] uppercase tracking-widest"">"
src/components/training/TsukebitoPanel.tsx,85,arbitrary-text-size,P1,"§2.2 type scale — no arbitrary px sizes","<Badge variant=""outline"" className=""text-[9px] uppercase tracking-widest"">"
src/components/training/TsukebitoPanel.tsx,88,arbitrary-text-size,P1,"§2.2 type scale — no arbitrary px sizes","<Badge variant=""outline"" className=""text-[9px] ml-auto"">"
src/components/training/TrainingAnalytics.tsx,33,rgb-color,P0,"§1.1 colors — tokens only","boxShadow: ""0 4px 12px rgba(0,0,0,0.3)"","
src/components/training/BeyaWideRegime.tsx,75,oversized-tracking,P2,"§2.2 tracking ≤0.15em","""text-[8px] font-black tracking-[0.2em]"","
src/components/training/BeyaWideRegime.tsx,75,arbitrary-text-size,P1,"§2.2 type scale — no arbitrary px sizes","""text-[8px] font-black tracking-[0.2em]"","
src/components/training/BeyaWideRegime.tsx,119,arbitrary-text-size,P1,"§2.2 type scale — no arbitrary px sizes","<p className=""text-[9px] uppercase font-black text-muted-foreground tracking-widest opacity-60"">"
src/components/training/BeyaWideRegime.tsx,165,arbitrary-text-size,P1,"§2.2 type scale — no arbitrary px sizes","<p className=""text-[9px] uppercase font-black text-muted-foreground tracking-widest opacity-60"">"
src/components/training/IndividualFocusSlots.tsx,118,glassmorphism,P1,"§3.3 anti-patterns — no glassmorphism",": ""text-muted-foreground hover:bg-white/50"""
src/components/training/IndividualFocusSlots.tsx,78,arbitrary-text-size,P1,"§2.2 type scale — no arbitrary px sizes","className=""text-[9px] font-black uppercase tracking-widest border-2"""
src/components/training/IndividualFocusSlots.tsx,83,arbitrary-text-size,P1,"§2.2 type scale — no arbitrary px sizes","<Badge className=""bg-destructive text-destructive-foreground text-[8px] h-5 font-black uppercase"">"
src/components/training/IndividualFocusSlots.tsx,88,arbitrary-text-size,P1,"§2.2 type scale — no arbitrary px sizes","<div className=""flex items-center gap-4 text-[9px] uppercase font-black text-muted-foreground tracking-widest"">"
src/components/training/IndividualFocusSlots.tsx,123,arbitrary-text-size,P1,"§2.2 type scale — no arbitrary px sizes","<span className=""text-[8px] font-black uppercase tracking-tighter"">"
src/components/training/WeeklyDrillPlanner.tsx,208,glassmorphism,P1,"§3.3 anti-patterns — no glassmorphism","<SelectTrigger className=""w-40 bg-white/10 border-white/20 h-8 text-[10px] font-bold uppercase"">"
src/components/training/WeeklyDrillPlanner.tsx,217,glassmorphism,P1,"§3.3 anti-patterns — no glassmorphism","className=""text-[10px] font-black uppercase tracking-widest hover:bg-white/10"""
src/components/training/WeeklyDrillPlanner.tsx,374,italic-numerals,P2,"§2.3 data display — numerals never italic","<p className=""text-[11px] text-muted-foreground italic leading-relaxed max-w-2xl font-medium"">"
src/components/training/WeeklyDrillPlanner.tsx,191,arbitrary-text-size,P1,"§2.2 type scale — no arbitrary px sizes","className=""px-4 py-1.5 bg-background border-2 font-black uppercase tracking-widest text-[9px] h-11 flex items-center"""
src/components/training/WeeklyDrillPlanner.tsx,301,arbitrary-text-size,P1,"§2.2 type scale — no arbitrary px sizes","<div className=""flex items-center gap-2 text-[8px] font-black uppercase tracking-widest text-muted-foreground"">"
src/components/training/WeeklyDrillPlanner.tsx,335,arbitrary-text-size,P1,"§2.2 type scale — no arbitrary px sizes","<span className=""text-[7px] font-black uppercase tracking-tighter hidden md:block"">"
src/components/training/WeeklyDrillPlanner.tsx,364,arbitrary-text-size,P1,"§2.2 type scale — no arbitrary px sizes","<div className=""absolute top-0 right-0 p-1 bg-primary text-[8px] font-black uppercase text-white px-3 rotate-45 translat"
src/components/training/WeeklyDrillPlanner.tsx,386,arbitrary-text-size,P1,"§2.2 type scale — no arbitrary px sizes","className=""border-dashed border-primary/30 text-[9px] font-black"""
src/components/recruitment/YouthAcademyPanel.tsx,130,arbitrary-text-size,P1,"§2.2 type scale — no arbitrary px sizes","<Badge variant=""outline"" className=""text-[9px]"">"
src/components/recruitment/YouthAcademyPanel.tsx,180,arbitrary-text-size,P1,"§2.2 type scale — no arbitrary px sizes","<Badge variant=""outline"" className=""text-[9px]"">"
src/components/recruitment/YouthAcademyPanel.tsx,183,arbitrary-text-size,P1,"§2.2 type scale — no arbitrary px sizes","<Badge variant=""outline"" className=""text-[9px]"">"
src/components/wizard/StableStep.tsx,80,oversized-tracking,P2,"§2.2 tracking ≤0.15em","<div className=""text-[10px] font-black text-muted-foreground uppercase tracking-[0.2em]"">"
src/components/wizard/StableStep.tsx,88,arbitrary-text-size,P1,"§2.2 type scale — no arbitrary px sizes","className=""text-[8px] font-black uppercase tracking-widest h-5 bg-primary/10 border-primary/20 text-primary"""
src/components/wizard/StableStep.tsx,94,arbitrary-text-size,P1,"§2.2 type scale — no arbitrary px sizes","className=""text-[8px] font-black uppercase tracking-widest h-5 border-2"""
src/components/wizard/IdentityStep.tsx,128,italic-numerals,P2,"§2.3 data display — numerals never italic","<p className=""text-xs text-muted-foreground italic font-medium opacity-60"">"
src/components/wizard/IdentityStep.tsx,194,italic-numerals,P2,"§2.3 data display — numerals never italic","<p className=""text-[11px] text-muted-foreground leading-relaxed italic line-clamp-2 mb-3"">"
src/components/wizard/IdentityStep.tsx,64,arbitrary-text-size,P1,"§2.2 type scale — no arbitrary px sizes","""text-[9px] font-black px-1.5 py-0 h-4 border"","
src/components/wizard/IdentityStep.tsx,180,arbitrary-text-size,P1,"§2.2 type scale — no arbitrary px sizes","""text-[9px] font-black px-1.5 py-0 h-4 border shrink-0"","
src/components/wizard/IdentityStep.tsx,202,arbitrary-text-size,P1,"§2.2 type scale — no arbitrary px sizes","className=""text-[9px] font-black px-1.5 py-0 h-4 border bg-success/10 text-success border-success/30"""
src/components/wizard/WizardHeader.tsx,23,glassmorphism,P1,"§3.3 anti-patterns — no glassmorphism","<div className=""h-14 w-14 bg-white/10 rounded-full mx-auto flex items-center justify-center border border-white/20 anima"
src/components/wizard/WizardHeader.tsx,35,glassmorphism,P1,"§3.3 anti-patterns — no glassmorphism","s === currentStep ? ""w-12 bg-white"" : ""w-6 bg-white/20"""
src/components/wizard/WizardFooter.tsx,25,oversized-tracking,P2,"§2.2 tracking ≤0.15em","<p className=""text-[8px] font-black uppercase tracking-[0.3em] text-muted-foreground mb-0.5"">"
src/components/wizard/WizardFooter.tsx,34,oversized-tracking,P2,"§2.2 tracking ≤0.15em","<p className=""text-[8px] font-black uppercase tracking-[0.3em] text-muted-foreground mb-0.5"">"
src/components/wizard/WizardFooter.tsx,43,oversized-tracking,P2,"§2.2 tracking ≤0.15em","<p className=""text-[8px] font-black uppercase tracking-[0.3em] text-muted-foreground mb-0.5"">"
src/components/wizard/WizardFooter.tsx,52,oversized-tracking,P2,"§2.2 tracking ≤0.15em","<p className=""text-[8px] font-black uppercase tracking-[0.3em] text-muted-foreground mb-0.5"">"
src/components/wizard/WizardFooter.tsx,60,oversized-tracking,P2,"§2.2 tracking ≤0.15em","<div className=""text-[9px] font-black uppercase tracking-[0.4em] opacity-30 select-none hidden sm:block"">"
src/components/wizard/WizardFooter.tsx,25,arbitrary-text-size,P1,"§2.2 type scale — no arbitrary px sizes","<p className=""text-[8px] font-black uppercase tracking-[0.3em] text-muted-foreground mb-0.5"">"
src/components/wizard/WizardFooter.tsx,34,arbitrary-text-size,P1,"§2.2 type scale — no arbitrary px sizes","<p className=""text-[8px] font-black uppercase tracking-[0.3em] text-muted-foreground mb-0.5"">"
src/components/wizard/WizardFooter.tsx,43,arbitrary-text-size,P1,"§2.2 type scale — no arbitrary px sizes","<p className=""text-[8px] font-black uppercase tracking-[0.3em] text-muted-foreground mb-0.5"">"
src/components/wizard/WizardFooter.tsx,52,arbitrary-text-size,P1,"§2.2 type scale — no arbitrary px sizes","<p className=""text-[8px] font-black uppercase tracking-[0.3em] text-muted-foreground mb-0.5"">"
src/components/wizard/WizardFooter.tsx,60,arbitrary-text-size,P1,"§2.2 type scale — no arbitrary px sizes","<div className=""text-[9px] font-black uppercase tracking-[0.4em] opacity-30 select-none hidden sm:block"">"
src/components/wizard/WizardFooter.tsx,29,screaming-copy,P2,"§11 writing style — no SCREAMING_SNAKE display copy","{oyakataName || ""UNREGISTERED""}"
src/components/game/boutReplay/useBoutReplay.ts,171,hex-color,P0,"§1.1 colors — tokens only","zabuton: [""#7c3aed"", ""#db2777"", ""#0891b2"", ""#059669""][Math.floor(rng.next() * 4)],"
src/components/game/boutReplay/useBoutReplay.ts,168,rgb-color,P0,"§1.1 colors — tokens only","salt: `rgba(255,255,255,${0.7 + rng.next() * 0.3})`,"
src/components/game/boutReplay/boutCanvas/draw.ts,16,hex-color,P0,"§1.1 colors — tokens only","ctx.fillStyle = ""#a07840"";"
src/components/game/boutReplay/boutCanvas/draw.ts,18,hex-color,P0,"§1.1 colors — tokens only","ctx.strokeStyle = ""#7a5a28"";"
src/components/game/boutReplay/boutCanvas/draw.ts,23,hex-color,P0,"§1.1 colors — tokens only","sandGrad.addColorStop(0, ""#f8e8b8"");"
src/components/game/boutReplay/boutCanvas/draw.ts,24,hex-color,P0,"§1.1 colors — tokens only","sandGrad.addColorStop(0.55, ""#e8c878"");"
src/components/game/boutReplay/boutCanvas/draw.ts,25,hex-color,P0,"§1.1 colors — tokens only","sandGrad.addColorStop(1, ""#c8a040"");"
src/components/game/boutReplay/boutCanvas/draw.ts,60,hex-color,P0,"§1.1 colors — tokens only","ctx.strokeStyle = ""#8b6010"";"
src/components/game/boutReplay/boutCanvas/draw.ts,80,hex-color,P0,"§1.1 colors — tokens only","{ angle: -Math.PI * 0.75, color: ""#16a34a"" },"
src/components/game/boutReplay/boutCanvas/draw.ts,81,hex-color,P0,"§1.1 colors — tokens only","{ angle: -Math.PI * 0.25, color: ""#b91c1c"" },"
src/components/game/boutReplay/boutCanvas/draw.ts,82,hex-color,P0,"§1.1 colors — tokens only","{ angle: Math.PI * 0.25, color: ""#d4d4d4"" },"
src/components/game/boutReplay/boutCanvas/draw.ts,83,hex-color,P0,"§1.1 colors — tokens only","{ angle: Math.PI * 0.75, color: ""#1d1d1d"" },"
src/components/game/boutReplay/boutCanvas/draw.ts,124,hex-color,P0,"§1.1 colors — tokens only","const skin = ""#c8906a"";"
src/components/game/boutReplay/boutCanvas/draw.ts,125,hex-color,P0,"§1.1 colors — tokens only","const mawashi = isEast ? ""#1d4ed8"" : ""#b91c1c"";"
src/components/game/boutReplay/boutCanvas/draw.ts,126,hex-color,P0,"§1.1 colors — tokens only","const mawashiAccent = isEast ? ""#93c5fd"" : ""#fca5a5"";"
src/components/game/boutReplay/boutCanvas/draw.ts,244,hex-color,P0,"§1.1 colors — tokens only","ctx.fillStyle = ""#b07050"";"
src/components/game/boutReplay/boutCanvas/draw.ts,334,hex-color,P0,"§1.1 colors — tokens only","ctx.fillStyle = ""#18100a"";"
src/components/game/boutReplay/boutCanvas/draw.ts,338,hex-color,P0,"§1.1 colors — tokens only","ctx.fillStyle = ""#2a1a0a"";"
src/components/game/boutReplay/boutCanvas/draw.ts,343,hex-color,P0,"§1.1 colors — tokens only","const rankColor = isEast ? ""#1d4ed8"" : ""#b91c1c"";"
src/components/game/boutReplay/boutCanvas/draw.ts,423,hex-color,P0,"§1.1 colors — tokens only","? ""#f59e0b"""
src/components/game/boutReplay/boutCanvas/draw.ts,425,hex-color,P0,"§1.1 colors — tokens only","? ""#6366f1"""
src/components/game/boutReplay/boutCanvas/draw.ts,426,hex-color,P0,"§1.1 colors — tokens only",": ""#64748b"";"
src/components/game/boutReplay/boutCanvas/draw.ts,461,hex-color,P0,"§1.1 colors — tokens only","g.addColorStop(0, ""#7c2d12"");"
src/components/game/boutReplay/boutCanvas/draw.ts,462,hex-color,P0,"§1.1 colors — tokens only","g.addColorStop(1, ""#451a03"");"
src/components/game/boutReplay/boutCanvas/draw.ts,467,hex-color,P0,"§1.1 colors — tokens only","ctx.strokeStyle = ""#f59e0b"";"
src/components/game/boutReplay/boutCanvas/draw.ts,472,hex-color,P0,"§1.1 colors — tokens only","ctx.fillStyle = ""#fef3c7"";"
src/components/game/boutReplay/boutCanvas/draw.ts,478,hex-color,P0,"§1.1 colors — tokens only","ctx.fillStyle = ""#fcd34d"";"
src/components/game/boutReplay/boutCanvas/draw.ts,494,hex-color,P0,"§1.1 colors — tokens only","const color = isKinboshi ? ""#f59e0b"" : ""#ef4444"";"
src/components/game/boutReplay/boutCanvas/draw.ts,31,rgb-color,P0,"§1.1 colors — tokens only","ctx.strokeStyle = ""rgba(160,120,40,0.18)"";"
src/components/game/boutReplay/boutCanvas/draw.ts,46,rgb-color,P0,"§1.1 colors — tokens only","ctx.fillStyle = ""rgba(0,0,0,0.2)"";"
src/components/game/boutReplay/boutCanvas/draw.ts,55,rgb-color,P0,"§1.1 colors — tokens only","ctx.strokeStyle = ""rgba(0,0,0,0.25)"";"
src/components/game/boutReplay/boutCanvas/draw.ts,66,rgb-color,P0,"§1.1 colors — tokens only","ctx.fillStyle = ""rgba(255,255,255,0.9)"";"
src/components/game/boutReplay/boutCanvas/draw.ts,73,rgb-color,P0,"§1.1 colors — tokens only","ctx.fillStyle = ""rgba(160,110,30,0.35)"";"
src/components/game/boutReplay/boutCanvas/draw.ts,92,rgb-color,P0,"§1.1 colors — tokens only","ctx.strokeStyle = ""rgba(0,0,0,0.3)"";"
src/components/game/boutReplay/boutCanvas/draw.ts,215,rgb-color,P0,"§1.1 colors — tokens only","ctx.fillStyle = ""rgba(0,0,0,0.18)"";"
src/components/game/boutReplay/boutCanvas/draw.ts,256,rgb-color,P0,"§1.1 colors — tokens only","ctx.fillStyle = ""rgba(255,255,255,0.08)"";"
src/components/game/boutReplay/boutCanvas/draw.ts,313,rgb-color,P0,"§1.1 colors — tokens only","ctx.fillStyle = ""rgba(255,255,255,0.07)"";"
src/components/game/boutReplay/boutCanvas/draw.ts,318,rgb-color,P0,"§1.1 colors — tokens only","ctx.fillStyle = ""rgba(40,20,5,0.7)"";"
src/components/game/boutReplay/boutCanvas/draw.ts,327,rgb-color,P0,"§1.1 colors — tokens only","ctx.strokeStyle = ""rgba(40,20,5,0.5)"";"
src/components/game/boutReplay/boutCanvas/draw.ts,348,rgb-color,P0,"§1.1 colors — tokens only","ctx.fillStyle = ""rgba(255,255,255,0.92)"";"
src/components/game/boutReplay/boutCanvas/draw.ts,396,rgb-color,P0,"§1.1 colors — tokens only","ctx.strokeStyle = `rgba(255, 200, 80, ${intensity * 0.8})`;"
src/components/game/boutReplay/boutCanvas/draw.ts,402,rgb-color,P0,"§1.1 colors — tokens only","grad.addColorStop(0, `rgba(255,240,160,${intensity * 0.55})`);"
src/components/game/boutReplay/boutCanvas/draw.ts,403,rgb-color,P0,"§1.1 colors — tokens only","grad.addColorStop(1, ""rgba(255,200,80,0)"");"
src/components/game/boutReplay/boutCanvas/draw.ts,419,rgb-color,P0,"§1.1 colors — tokens only","ctx.fillStyle = ""rgba(0,0,0,0.3)"";"
src/components/game/boutReplay/boutCanvas/draw.ts,434,rgb-color,P0,"§1.1 colors — tokens only","ctx.fillStyle = `rgba(255,255,255,${pulse * 0.6})`;"
src/components/game/boutReplay/boutCanvas/draw.ts,456,rgb-color,P0,"§1.1 colors — tokens only","ctx.fillStyle = ""rgba(0,0,0,0.4)"";"
src/components/game/boutReplay/boutCanvas/draw.ts,349,banned-font,P0,"§2.1 typography — Shippori/Spectral/JetBrains only","ctx.font = `bold ${clamp(S * 0.22, 7, 14)}px 'Segoe UI', system-ui, sans-serif`;"
src/components/game/boutReplay/boutCanvas/draw.ts,473,banned-font,P0,"§2.1 typography — Shippori/Spectral/JetBrains only","ctx.font = `bold ${Math.min(16, bannerW * 0.07)}px 'Segoe UI', system-ui, sans-serif`;"
src/components/game/boutReplay/boutCanvas/draw.ts,477,banned-font,P0,"§2.1 typography — Shippori/Spectral/JetBrains only","ctx.font = `${Math.min(11, bannerW * 0.05)}px 'Segoe UI', system-ui, sans-serif`;"
src/components/game/boutReplay/boutCanvas/draw.ts,496,banned-font,P0,"§2.1 typography — Shippori/Spectral/JetBrains only","ctx.font = `bold ${Math.min(22, W * 0.05)}px 'Segoe UI', system-ui, sans-serif`;"
src/components/game/boutReplay/boutCanvas/draw.ts,479,screaming-copy,P2,"§11 writing style — no SCREAMING_SNAKE display copy","ctx.fillText(""KIMARITE"", W / 2, by + 26);"
src/components/game/ProgressionTracker.tsx,125,screaming-copy,P2,"§11 writing style — no SCREAMING_SNAKE display copy","{isDemoted ? ""DEMOTED"" : ""KADOBAN""}"
src/components/game/KeyBoutsSection.tsx,14,hardcoded-palette,P0,"§1.1 colors — tokens only, no raw palette classes","kinboshi: ""border-amber-500 text-amber-500 bg-amber-500/10"","
src/components/game/LineageTree.tsx,56,banned-gradient,P0,"§1.3/§3.3 anti-patterns — no decorative gradients","<div className=""w-0.5 h-8 bg-gradient-to-b from-slate-700 to-transparent"" />"
src/components/game/LineageTree.tsx,26,hardcoded-palette,P0,"§1.1 colors — tokens only, no raw palette classes","<Card className=""bg-slate-900/40 border-slate-800"">"
src/components/game/LineageTree.tsx,35,hardcoded-palette,P0,"§1.1 colors — tokens only, no raw palette classes","<Card className=""bg-slate-950 border-slate-800 overflow-hidden"">"
src/components/game/LineageTree.tsx,36,hardcoded-palette,P0,"§1.1 colors — tokens only, no raw palette classes","<CardHeader className=""bg-slate-900/50 border-b border-slate-800"">"
src/components/game/LineageTree.tsx,37,hardcoded-palette,P0,"§1.1 colors — tokens only, no raw palette classes","<CardTitle className=""text-sm font-display uppercase tracking-widest flex items-center gap-2 text-amber-500"">"
src/components/game/LineageTree.tsx,48,hardcoded-palette,P0,"§1.1 colors — tokens only, no raw palette classes","<div className=""w-10 h-10 rounded-full bg-slate-800 border-2 border-slate-700 flex items-center justify-center group-hov"
src/components/game/LineageTree.tsx,50,hardcoded-palette,P0,"§1.1 colors — tokens only, no raw palette classes","<User className=""h-5 w-5 text-amber-500"" />"
src/components/game/LineageTree.tsx,52,hardcoded-palette,P0,"§1.1 colors — tokens only, no raw palette classes","<GitCommit className=""h-5 w-5 text-slate-500"" />"
src/components/game/LineageTree.tsx,56,hardcoded-palette,P0,"§1.1 colors — tokens only, no raw palette classes","<div className=""w-0.5 h-8 bg-gradient-to-b from-slate-700 to-transparent"" />"
src/components/game/LineageTree.tsx,62,hardcoded-palette,P0,"§1.1 colors — tokens only, no raw palette classes","<p className=""font-display font-bold text-slate-100 group-hover:text-amber-400 transition-colors"">"
src/components/game/LineageTree.tsx,67,hardcoded-palette,P0,"§1.1 colors — tokens only, no raw palette classes","className=""bg-slate-900/50 text-[10px] uppercase font-mono"""
src/components/game/LineageTree.tsx,72,hardcoded-palette,P0,"§1.1 colors — tokens only, no raw palette classes","<p className=""text-[10px] text-slate-500 uppercase tracking-tighter"">"
src/components/game/LineageTree.tsx,80,hardcoded-palette,P0,"§1.1 colors — tokens only, no raw palette classes","<ChevronDown className=""h-3 w-3 text-slate-700"" />"
src/components/game/LineageTree.tsx,86,hardcoded-palette,P0,"§1.1 colors — tokens only, no raw palette classes","<div className=""pt-4 border-t border-slate-800/50 mt-4"">"
src/components/game/LineageTree.tsx,88,hardcoded-palette,P0,"§1.1 colors — tokens only, no raw palette classes","<div className=""w-10 h-10 rounded-full bg-amber-500/10 border border-amber-500/20 flex items-center justify-center"">"
src/components/game/LineageTree.tsx,89,hardcoded-palette,P0,"§1.1 colors — tokens only, no raw palette classes","<div className=""w-2 h-2 rounded-full bg-amber-500 animate-pulse"" />"
src/components/game/LineageTree.tsx,92,hardcoded-palette,P0,"§1.1 colors — tokens only, no raw palette classes","<p className=""text-xs text-slate-400"">Current Rikishi</p>"
src/components/game/BanzukeReveal.tsx,80,glassmorphism,P1,"§3.3 anti-patterns — no glassmorphism",": ""bg-white/5 border-white/10"""
src/components/game/BanzukeReveal.tsx,79,hardcoded-palette,P0,"§1.1 colors — tokens only, no raw palette classes","? ""bg-purple-500/10 border-purple-500/50"""
src/components/game/BanzukeReveal.tsx,97,hardcoded-palette,P0,"§1.1 colors — tokens only, no raw palette classes","<Badge className=""text-[9px] font-bold uppercase tracking-widest px-2 h-5 bg-purple-500/80 text-white"">"
src/components/game/BanzukeReveal.tsx,92,arbitrary-text-size,P1,"§2.2 type scale — no arbitrary px sizes","<Badge className=""text-[9px] font-bold uppercase tracking-widest px-2 h-5 bg-primary/80 text-white"">"
src/components/game/BanzukeReveal.tsx,97,arbitrary-text-size,P1,"§2.2 type scale — no arbitrary px sizes","<Badge className=""text-[9px] font-bold uppercase tracking-widest px-2 h-5 bg-purple-500/80 text-white"">"
src/components/game/StableStatsTable.tsx,99,glassmorphism,P1,"§3.3 anti-patterns — no glassmorphism","<ScrollArea className=""h-[600px] w-full rounded-md border border-border/50 bg-card/30 backdrop-blur-xs"">"
src/components/game/SparringPanel.tsx,96,arbitrary-text-size,P1,"§2.2 type scale — no arbitrary px sizes","className={`font-mono text-[9px] tracking-wider ${chem.className}`}"
src/components/game/HoFTimeline.tsx,34,arbitrary-text-size,P1,"§2.2 type scale — no arbitrary px sizes","<span className=""text-[9px] text-muted-foreground max-w-[60px] truncate text-center"">"
src/components/game/HoFInductionCeremony.tsx,76,banned-gradient,P0,"§1.3/§3.3 anti-patterns — no decorative gradients","cardClassName=""flex items-center gap-4 p-4 rounded-lg bg-gradient-to-r from-muted/80 to-muted/30 border"""
src/components/game/InjuryRecoveryPanel.tsx,105,arbitrary-text-size,P1,"§2.2 type scale — no arbitrary px sizes","className=""border-west text-west bg-west/10 font-bold text-[9px] tracking-widest"""
src/components/game/KeshoEditor.tsx,45,hex-color,P0,"§1.1 colors — tokens only","{ name: ""Sovereign Gold"", primary: ""#8B0000"", secondary: ""#D4AF37"", accent: ""#FFD700"" },"
src/components/game/KeshoEditor.tsx,46,hex-color,P0,"§1.1 colors — tokens only","{ name: ""Imperial Phoenix"", primary: ""#FF4500"", secondary: ""#8B0000"", accent: ""#FFD700"" },"
src/components/game/KeshoEditor.tsx,47,hex-color,P0,"§1.1 colors — tokens only","{ name: ""Deep Ocean"", primary: ""#001F3F"", secondary: ""#0074D9"", accent: ""#FFFFFF"" },"
src/components/game/KeshoEditor.tsx,48,hex-color,P0,"§1.1 colors — tokens only","{ name: ""Silent Bamboo"", primary: ""#2F4F4F"", secondary: ""#228B22"", accent: ""#F5F5DC"" },"
src/components/game/KeshoEditor.tsx,49,hex-color,P0,"§1.1 colors — tokens only","{ name: ""Midnight Storm"", primary: ""#121212"", secondary: ""#4B0082"", accent: ""#E0E0E0"" },"
src/components/game/KeshoEditor.tsx,65,hex-color,P0,"§1.1 colors — tokens only","primaryColor: rikishi.keshoMawashi?.primaryColor || ""#BC002D"","
src/components/game/KeshoEditor.tsx,66,hex-color,P0,"§1.1 colors — tokens only","secondaryColor: rikishi.keshoMawashi?.secondaryColor || ""#FFFFFF"","
src/components/game/KeshoEditor.tsx,67,hex-color,P0,"§1.1 colors — tokens only","accentColor: rikishi.keshoMawashi?.accentColor || ""#FFD700"","
src/components/game/KeshoEditor.tsx,112,hex-color,P0,"§1.1 colors — tokens only","mawashiColor: config.primaryColor || ""#BC002D"","
src/components/game/KeshoEditor.tsx,125,glassmorphism,P1,"§3.3 anti-patterns — no glassmorphism","<div className=""p-8 rounded-full bg-background/50 border border-primary/10 shadow-2xl backdrop-blur-xs"">"
src/components/game/KeshoEditor.tsx,220,arbitrary-text-size,P1,"§2.2 type scale — no arbitrary px sizes","<span className=""text-[9px] font-bold text-center text-muted-foreground group-hover:text-foreground"">"
src/components/game/BoutPreMatchOverlay.tsx,126,glassmorphism,P1,"§3.3 anti-patterns — no glassmorphism","<div className=""fixed inset-0 z-50 flex items-center justify-center bg-background/80 backdrop-blur-xs"">"
src/components/game/BoutNarrativeModal.tsx,353,arbitrary-text-size,P1,"§2.2 type scale — no arbitrary px sizes","className={`text-[9px] shrink-0 mt-0.5 font-display ${style.bg} ${style.color} border`}"
src/components/game/GlobalCupBracket.tsx,62,arbitrary-text-size,P1,"§2.2 type scale — no arbitrary px sizes","<div className=""mt-1 text-[9px] text-center text-muted-foreground uppercase"">"
src/components/game/perceptionComponents.tsx,343,arbitrary-text-size,P1,"§2.2 type scale — no arbitrary px sizes","<Badge variant=""outline"" className=""text-[9px] ml-2 shrink-0"">"
src/components/game/PlayoffBracket.tsx,27,banned-gradient,P0,"§1.3/§3.3 anti-patterns — no decorative gradients","<Card className=""border-gold/30 bg-gradient-to-b from-gold/5 to-transparent"">"
src/components/game/BoutCard.tsx,16,hardcoded-palette,P0,"§1.1 colors — tokens only, no raw palette classes","if (profile.injuryRiskMultiplier >= 1.3) return <Flame className=""h-3 w-3 text-rose-500"" />;"
src/components/game/BoutCard.tsx,17,hardcoded-palette,P0,"§1.1 colors — tokens only, no raw palette classes","if (profile.injuryRiskMultiplier <= 0.8) return <Shield className=""h-3 w-3 text-emerald-500"" />;"
src/components/game/BoutCard.tsx,18,hardcoded-palette,P0,"§1.1 colors — tokens only, no raw palette classes","return <Zap className=""h-3 w-3 text-amber-500"" />;"
src/components/game/BoutCard.tsx,153,arbitrary-text-size,P1,"§2.2 type scale — no arbitrary px sizes","<span className=""text-[9px] text-muted-foreground/60 mt-0.5"">"
src/components/game/boutCardComponents.tsx,156,italic-numerals,P2,"§2.3 data display — numerals never italic","<p className=""mt-1.5 text-[11px] text-muted-foreground/70 italic line-clamp-1 pl-5"">"
src/components/game/boutCardComponents.tsx,63,arbitrary-text-size,P1,"§2.2 type scale — no arbitrary px sizes","<div className=""text-[9px] text-muted-foreground uppercase tracking-widest mt-0.5"">H2H</div>"
src/components/game/RikishiCard.tsx,156,arbitrary-text-size,P1,"§2.2 type scale — no arbitrary px sizes","<p className=""text-[8px] text-gold/70 mt-1 uppercase font-bold tracking-tighter"">"
src/components/game/RikishiCard.tsx,164,arbitrary-text-size,P1,"§2.2 type scale — no arbitrary px sizes","<p className=""text-[8px] text-gold/70 mt-1 uppercase font-bold tracking-tighter"">"
src/components/academy/AcademyIntakeCard.tsx,27,arbitrary-text-size,P1,"§2.2 type scale — no arbitrary px sizes","<Badge variant=""outline"" className=""text-[9px]"">"
src/components/academy/AcademyStaffList.tsx,44,arbitrary-text-size,P1,"§2.2 type scale — no arbitrary px sizes","<Badge variant=""secondary"" className=""text-[9px]"">"
src/components/dashboard/CalendarWidget.tsx,73,banned-gradient,P0,"§1.3/§3.3 anti-patterns — no decorative gradients","className=""h-full rounded-full bg-gradient-to-r from-primary to-accent transition-all duration-500"""
src/components/dashboard/TrendsWidget.tsx,77,rgb-color,P0,"§1.1 colors — tokens only","boxShadow: ""0 4px 12px rgba(0,0,0,0.1)"","
src/components/dashboard/TrendsWidget.tsx,109,arbitrary-text-size,P1,"§2.2 type scale — no arbitrary px sizes","<div className=""flex items-center justify-center gap-4 text-[9px] font-bold uppercase tracking-tighter text-muted-foregr"
src/components/dashboard/BanzukeWidget.tsx,80,arbitrary-text-size,P1,"§2.2 type scale — no arbitrary px sizes","<Badge className=""text-[8px] h-3.5 bg-primary/20 text-primary px-1"">YOU</Badge>"
src/components/dashboard/ActionQueueWidget.tsx,200,arbitrary-text-size,P1,"§2.2 type scale — no arbitrary px sizes","className=""border-destructive/30 text-destructive text-[9px] px-1 py-0"""
src/components/dashboard/ActionQueueWidget.tsx,226,arbitrary-text-size,P1,"§2.2 type scale — no arbitrary px sizes","<div className=""flex items-center gap-1 text-[9px] text-muted-foreground/60"">"
src/components/dashboard/BashoWidget.tsx,125,banned-gradient,P0,"§1.3/§3.3 anti-patterns — no decorative gradients","<div className=""absolute top-0 left-0 right-0 h-0.5 bg-gradient-to-r from-transparent via-accent/50 to-transparent shimm"
src/components/dashboard/BashoWidget.tsx,49,arbitrary-text-size,P1,"§2.2 type scale — no arbitrary px sizes","<Badge className=""text-[8px] h-3.5 bg-primary/20 text-primary px-1"">YOU</Badge>"
src/components/dashboard/ScoutingWidget.tsx,72,arbitrary-text-size,P1,"§2.2 type scale — no arbitrary px sizes","className=""text-[9px] px-1.5 py-0 h-4 shrink-0"""
src/components/dashboard/NewsWidget.tsx,74,screaming-copy,P2,"§11 writing style — no SCREAMING_SNAKE display copy","if (outlet === ""TABLOID"") {"
src/components/dashboard/NewsWidget.tsx,76,screaming-copy,P2,"§11 writing style — no SCREAMING_SNAKE display copy","} else if (outlet === ""SPORTS_DAILY"") {"
src/components/dashboard/NewsWidget.tsx,78,screaming-copy,P2,"§11 writing style — no SCREAMING_SNAKE display copy","} else if (outlet === ""JSA_OFFICIAL"") {"
src/components/dashboard/PromotionPipelineWidget.tsx,39,hardcoded-palette,P0,"§1.1 colors — tokens only, no raw palette classes","ozeki: ""text-amber-500 border-amber-500/40 bg-amber-500/10"","
src/components/dashboard/PromotionPipelineWidget.tsx,41,hardcoded-palette,P0,"§1.1 colors — tokens only, no raw palette classes","komusubi: ""text-sky-400 border-sky-400/40 bg-sky-400/10"","
src/components/dashboard/PromotionPipelineWidget.tsx,46,arbitrary-text-size,P1,"§2.2 type scale — no arbitrary px sizes","className={`text-[9px] font-bold uppercase tracking-wide shrink-0 ${colorMap[rank] ?? ""text-muted-foreground border-bord"
src/components/dashboard/PromotionPipelineWidget.tsx,109,arbitrary-text-size,P1,"§2.2 type scale — no arbitrary px sizes","<span className=""text-[9px] font-bold text-destructive uppercase tracking-wide shrink-0"">"
src/components/dashboard/PromotionPipelineWidget.tsx,113,arbitrary-text-size,P1,"§2.2 type scale — no arbitrary px sizes","<span className=""text-[9px] font-bold text-warning uppercase tracking-wide shrink-0"">"
src/components/dashboard/PromotionPipelineWidget.tsx,242,arbitrary-text-size,P1,"§2.2 type scale — no arbitrary px sizes","<p className=""text-[9px] font-bold text-gold uppercase tracking-wide"">"
src/components/dashboard/PromotionPipelineWidget.tsx,253,arbitrary-text-size,P1,"§2.2 type scale — no arbitrary px sizes","<p className=""text-[9px] font-bold text-primary uppercase tracking-wide pt-1"">"
src/components/dashboard/RosterWidget.tsx,69,arbitrary-text-size,P1,"§2.2 type scale — no arbitrary px sizes","""text-[8px] font-bold uppercase tracking-widest px-1.5 h-4 shrink-0"","
src/components/dashboard/EventFeed.tsx,36,hardcoded-palette,P0,"§1.1 colors — tokens only, no raw palette classes","notable: ""bg-slate-800/20"","
src/components/dashboard/EventFeed.tsx,37,hardcoded-palette,P0,"§1.1 colors — tokens only, no raw palette classes","major: ""border-l-2 border-amber-500 pl-2 bg-amber-500/5"","
src/components/dashboard/EventFeed.tsx,38,hardcoded-palette,P0,"§1.1 colors — tokens only, no raw palette classes","headline: ""border-l-2 border-rose-500 pl-2 bg-rose-950/20"","
src/components/dashboard/EventFeed.tsx,45,hardcoded-palette,P0,"§1.1 colors — tokens only, no raw palette classes","NPC_MANAGER_DECISION: <Target className=""w-4 h-4 text-indigo-400"" />,"
src/components/dashboard/EventFeed.tsx,46,hardcoded-palette,P0,"§1.1 colors — tokens only, no raw palette classes","GOVERNANCE_RULING: <ShieldAlert className=""w-4 h-4 text-amber-500"" />,"
src/components/dashboard/EventFeed.tsx,47,hardcoded-palette,P0,"§1.1 colors — tokens only, no raw palette classes","RIVALRY_HEAT_SPIKE: <Zap className=""w-4 h-4 text-orange-500"" />,"
src/components/dashboard/EventFeed.tsx,48,hardcoded-palette,P0,"§1.1 colors — tokens only, no raw palette classes","STRATEGY_SHIFT: <TrendingUp className=""w-4 h-4 text-emerald-400"" />,"
src/components/dashboard/EventFeed.tsx,49,hardcoded-palette,P0,"§1.1 colors — tokens only, no raw palette classes","DECISION_RESOLVED: <CheckCircle2 className=""w-4 h-4 text-emerald-400"" />,"
src/components/dashboard/EventFeed.tsx,50,hardcoded-palette,P0,"§1.1 colors — tokens only, no raw palette classes","DECISION_AUTO_RESOLVED: <CheckCircle2 className=""w-4 h-4 text-emerald-400"" />,"
src/components/dashboard/EventFeed.tsx,51,hardcoded-palette,P0,"§1.1 colors — tokens only, no raw palette classes","WORLD_META_EVOLUTION: <Sparkles className=""w-4 h-4 text-purple-400"" />,"
src/components/dashboard/EventFeed.tsx,66,hardcoded-palette,P0,"§1.1 colors — tokens only, no raw palette classes","className={`flex gap-3 p-2 rounded hover:bg-slate-800/50 transition-colors cursor-pointer focus-visible:outline-hidden f"
src/components/dashboard/EventFeed.tsx,82,hardcoded-palette,P0,"§1.1 colors — tokens only, no raw palette classes","className=""text-sm font-medium text-slate-200 truncate block"""
src/components/dashboard/EventFeed.tsx,84,hardcoded-palette,P0,"§1.1 colors — tokens only, no raw palette classes","<MentionText text={event.summary} className=""text-xs text-slate-400 line-clamp-2"" />"
src/components/dashboard/EventFeed.tsx,85,hardcoded-palette,P0,"§1.1 colors — tokens only, no raw palette classes","<p className=""text-xs text-slate-500 mt-1"">{formatEventTime(event)}</p>"
src/components/dashboard/EventFeed.tsx,149,screaming-copy,P2,"§11 writing style — no SCREAMING_SNAKE display copy","return <EventFeed filterTypes={[""GLOBAL_CUP""]} maxEvents={5} />;"
src/components/scouting/RecruitingTab.tsx,240,hardcoded-palette,P0,"§1.1 colors — tokens only, no raw palette classes","limitReached ? ""bg-rose-500/10 text-rose-500"" : ""bg-primary/10 text-primary"""
src/components/scouting/RecruitingTab.tsx,247,hardcoded-palette,P0,"§1.1 colors — tokens only, no raw palette classes","<div className=""flex items-center gap-1.5 text-[10px] text-rose-500 font-medium animate-pulse"">"
src/components/scouting/CompareModePanel.tsx,117,glassmorphism,P1,"§3.3 anti-patterns — no glassmorphism","<Card className=""bg-background/40 backdrop-blur shadow-xl overflow-hidden border-primary/10"">"
src/components/scouting/CompareModePanel.tsx,74,screaming-copy,P2,"§11 writing style — no SCREAMING_SNAKE display copy","{diff > 0 ? `+${diff}` : diff === 0 ? ""EQUAL"" : diff}"
src/components/MentionText.tsx,38,hardcoded-palette,P0,"§1.1 colors — tokens only, no raw palette classes","className=""font-semibold text-blue-500 dark:text-blue-400 hover:text-blue-600 dark:hover:text-blue-300 transition-colors"
src/components/exhibition/ExhibitionInvitationsPanel.tsx,94,arbitrary-text-size,P1,"§2.2 type scale — no arbitrary px sizes","className={`text-[9px] uppercase tracking-widest ${prestigeColor}`}"
src/components/exhibition/ExhibitionInvitationsPanel.tsx,99,arbitrary-text-size,P1,"§2.2 type scale — no arbitrary px sizes","<Badge variant=""outline"" className=""text-[9px] uppercase tracking-widest"">"
src/components/menu/MainMenuSelectedFooter.tsx,18,oversized-tracking,P2,"§2.2 tracking ≤0.15em","<p className=""stat-label text-gold tracking-[0.2em] mb-0.5"">READY TO BEGIN</p>"
src/components/menu/SaveSlotManager.tsx,98,glassmorphism,P1,"§3.3 anti-patterns — no glassmorphism","<DialogContent className=""max-w-lg border-t-8 border-t-primary shadow-2xl backdrop-blur-xs bg-background/95"">"
src/components/menu/SaveSlotManager.tsx,112,italic-numerals,P2,"§2.3 data display — numerals never italic","<p className=""text-sm text-muted-foreground text-center py-12 italic opacity-60"">"
src/components/menu/SaveSlotManager.tsx,139,arbitrary-text-size,P1,"§2.2 type scale — no arbitrary px sizes","className=""text-[9px] font-bold uppercase tracking-widest"""
src/components/menu/RikishiDetailDialog.tsx,64,italic-numerals,P2,"§2.3 data display — numerals never italic","<div className=""absolute top-0 right-0 p-6 opacity-10 font-display text-6xl font-black pointer-events-none uppercase ita"
src/components/menu/RikishiDetailDialog.tsx,75,arbitrary-text-size,P1,"§2.2 type scale — no arbitrary px sizes","<Badge className=""bg-gold/20 text-gold-foreground border-gold/30 text-[9px] h-5 font-black"">"
src/components/menu/RikishiDetailDialog.tsx,94,arbitrary-text-size,P1,"§2.2 type scale — no arbitrary px sizes","<div className=""text-[8px] uppercase font-bold text-muted-foreground mt-1"">"
src/components/menu/RikishiDetailDialog.tsx,97,arbitrary-text-size,P1,"§2.2 type scale — no arbitrary px sizes","<div className=""text-[7px] uppercase text-muted-foreground/60"">{stat.sub}</div>"
src/components/menu/RikishiDetailDialog.tsx,106,arbitrary-text-size,P1,"§2.2 type scale — no arbitrary px sizes","<div className=""flex items-center gap-1.5 text-[9px] font-black uppercase tracking-widest text-muted-foreground mb-0.5"">"
src/components/menu/RikishiDetailDialog.tsx,121,arbitrary-text-size,P1,"§2.2 type scale — no arbitrary px sizes","<div className=""text-[8px] text-muted-foreground/60"">"
src/components/menu/RikishiDetailDialog.tsx,126,arbitrary-text-size,P1,"§2.2 type scale — no arbitrary px sizes","<div className=""text-[8px] text-muted-foreground/60"">"
src/components/menu/RikishiDetailDialog.tsx,131,arbitrary-text-size,P1,"§2.2 type scale — no arbitrary px sizes","<div className=""text-[8px] text-muted-foreground/60"">"
src/components/menu/RikishiDetailDialog.tsx,141,arbitrary-text-size,P1,"§2.2 type scale — no arbitrary px sizes","<div className=""flex items-center gap-2 text-[9px] font-black uppercase tracking-widest text-muted-foreground mb-1"">"
src/components/menu/RikishiDetailDialog.tsx,148,arbitrary-text-size,P1,"§2.2 type scale — no arbitrary px sizes","<div className=""text-[8px] font-bold text-muted-foreground uppercase"">"
src/components/menu/RikishiDetailDialog.tsx,161,arbitrary-text-size,P1,"§2.2 type scale — no arbitrary px sizes","<div className=""flex items-center gap-1.5 text-[9px] font-black uppercase tracking-widest text-muted-foreground mb-0.5"">"
src/components/menu/RikishiDetailDialog.tsx,204,arbitrary-text-size,P1,"§2.2 type scale — no arbitrary px sizes","className=""text-[9px] font-black uppercase tracking-widest h-6"""
src/components/menu/RikishiDetailDialog.tsx,212,arbitrary-text-size,P1,"§2.2 type scale — no arbitrary px sizes","<p className=""text-[8px] font-black uppercase tracking-widest text-muted-foreground"">"
src/components/menu/RikishiDetailDialog.tsx,222,arbitrary-text-size,P1,"§2.2 type scale — no arbitrary px sizes","<p className=""text-[8px] font-black uppercase tracking-widest text-muted-foreground"">"
src/components/menu/RikishiDetailDialog.tsx,233,arbitrary-text-size,P1,"§2.2 type scale — no arbitrary px sizes","<p className=""text-[8px] font-black uppercase tracking-widest text-muted-foreground mb-1"">"
src/components/menu/RikishiDetailDialog.tsx,241,arbitrary-text-size,P1,"§2.2 type scale — no arbitrary px sizes","className=""text-[8px] font-bold uppercase tracking-widest h-5"""
src/components/menu/RikishiDetailDialog.tsx,76,screaming-copy,P2,"§11 writing style — no SCREAMING_SNAKE display copy","{isSekitori ? ""SEKITORI"" : ""JUNIOR""}"
src/components/menu/MainMenuFooter.tsx,60,oversized-tracking,P2,"§2.2 tracking ≤0.15em","className=""gap-2 text-[10px] font-mono font-bold uppercase tracking-[0.2em] text-muted-foreground hover:text-gold transi"
src/components/menu/MainMenuFooter.tsx,68,oversized-tracking,P2,"§2.2 tracking ≤0.15em","<p className=""text-[10px] font-display font-bold uppercase tracking-[0.4em] text-gold/30"">"
src/components/menu/MainMenuFooter.tsx,71,arbitrary-text-size,P1,"§2.2 type scale — no arbitrary px sizes","<p className=""text-[9px] font-mono text-muted-foreground/30 uppercase tracking-widest"">"
src/components/menu/HeyaCard.tsx,108,italic-numerals,P2,"§2.3 data display — numerals never italic","<p className=""text-xs text-muted-foreground italic line-clamp-2"">{heya.descriptor}</p>"
src/components/menu/HeyaCard.tsx,125,arbitrary-text-size,P1,"§2.2 type scale — no arbitrary px sizes","className=""text-[9px] bg-destructive/10 text-destructive border-destructive/20 font-bold"""
src/components/menu/HeyaCard.tsx,133,arbitrary-text-size,P1,"§2.2 type scale — no arbitrary px sizes","className=""text-[9px] bg-gold/10 text-gold border-gold/20 font-bold"""
src/components/menu/HeyaCard.tsx,141,arbitrary-text-size,P1,"§2.2 type scale — no arbitrary px sizes","className=""text-[9px] bg-primary/10 text-primary border-primary/20 font-bold"""
src/components/menu/HeyaPreview.tsx,85,glassmorphism,P1,"§3.3 anti-patterns — no glassmorphism","<div className=""h-12 w-12 bg-white/10 rounded-full flex items-center justify-center border border-white/20"">"
src/components/menu/HeyaPreview.tsx,106,arbitrary-text-size,P1,"§2.2 type scale — no arbitrary px sizes","<div className=""flex items-center gap-1.5 text-[9px] font-black uppercase tracking-widest text-muted-foreground mb-1 gro"
src/components/menu/HeyaPreview.tsx,113,arbitrary-text-size,P1,"§2.2 type scale — no arbitrary px sizes","<div className=""text-[9px] uppercase font-bold text-muted-foreground/60"">"
src/components/menu/HeyaPreview.tsx,162,arbitrary-text-size,P1,"§2.2 type scale — no arbitrary px sizes","<Badge className=""bg-gold/20 text-gold-foreground border-gold/30 text-[9px] h-4 font-black"">"
src/components/menu/HeyaPreview.tsx,167,arbitrary-text-size,P1,"§2.2 type scale — no arbitrary px sizes","<div className=""text-[9px] uppercase font-bold text-muted-foreground/70 tracking-widest flex items-center gap-1"">"
src/components/menu/HeyaPreview.tsx,181,arbitrary-text-size,P1,"§2.2 type scale — no arbitrary px sizes","<div className=""text-[9px] font-bold text-muted-foreground uppercase"">"
src/components/avatar/SumoAvatar.tsx,125,hex-color,P0,"§1.1 colors — tokens only","if (config.hairGraying > 70) return ""#e0e0e0""; // White"
src/components/avatar/SumoAvatar.tsx,126,hex-color,P0,"§1.1 colors — tokens only","if (config.hairGraying > 40) return ""#6b6b6b""; // Gray"
src/components/avatar/SumoAvatar.tsx,162,hex-color,P0,"§1.1 colors — tokens only","stroke=""#1a1a1a"""
src/components/avatar/SumoAvatar.tsx,174,hex-color,P0,"§1.1 colors — tokens only","stroke=""#1a1a1a"""
src/components/avatar/SumoAvatar.tsx,183,hex-color,P0,"§1.1 colors — tokens only","stroke=""#1a1a1a"""
src/components/avatar/SumoAvatar.tsx,188,hex-color,P0,"§1.1 colors — tokens only","<g fill=""#1a1a1a"">"
src/components/avatar/SumoAvatar.tsx,193,hex-color,P0,"§1.1 colors — tokens only","<g fill=""#ffffff"" opacity=""0.6"">"
src/components/avatar/SumoAvatar.tsx,199,hex-color,P0,"§1.1 colors — tokens only","<g stroke=""#1a1a1a"" strokeWidth=""3"" fill=""none"" strokeLinecap=""round"">"
src/components/avatar/SumoAvatar.tsx,211,hex-color,P0,"§1.1 colors — tokens only","stroke=""#c4987a"""
src/components/avatar/SumoAvatar.tsx,216,hex-color,P0,"§1.1 colors — tokens only","<path d={getMouthPath()} stroke=""#1a1a1a"" strokeWidth=""2"" fill=""none"" strokeLinecap=""round"" />"
src/components/avatar/SumoAvatar.tsx,220,hex-color,P0,"§1.1 colors — tokens only","<g stroke=""#c4987a"" strokeWidth=""1"" opacity={config.wrinkles / 150}>"
src/components/avatar/SumoAvatar.tsx,237,hex-color,P0,"§1.1 colors — tokens only","stroke=""#1a1a1a"""
src/components/avatar/SumoAvatar.tsx,251,hex-color,P0,"§1.1 colors — tokens only","stroke=""#1a1a1a"""
src/components/avatar/SumoAvatar.tsx,263,hex-color,P0,"§1.1 colors — tokens only","<rect x=""46"" y=""22"" width=""8"" height=""4"" fill=""#8b0000"" rx=""1"" />"
src/components/avatar/SumoAvatar.tsx,276,hex-color,P0,"§1.1 colors — tokens only","stroke=""#1a1a1a"""
src/components/avatar/SumoAvatar.tsx,280,hex-color,P0,"§1.1 colors — tokens only","<rect x=""47"" y=""20"" width=""6"" height=""3"" fill=""#1a1a1a"" rx=""1"" />"
src/components/avatar/SumoAvatar.tsx,293,hex-color,P0,"§1.1 colors — tokens only","stroke=""#1a1a1a"""
src/components/avatar/SumoAvatar.tsx,308,hex-color,P0,"§1.1 colors — tokens only","stroke=""#1a1a1a"""
src/components/avatar/SumoAvatar.tsx,312,hex-color,P0,"§1.1 colors — tokens only","<circle cx=""50"" cy=""24"" r=""3"" fill=""#8b0000"" />"
src/components/avatar/SumoAvatar.tsx,326,hex-color,P0,"§1.1 colors — tokens only","stroke=""#c4987a"""
src/components/avatar/SumoAvatar.tsx,338,hex-color,P0,"§1.1 colors — tokens only","stroke=""#c4987a"""
src/components/governance/RivalOyakataCard.tsx,36,arbitrary-text-size,P1,"§2.2 type scale — no arbitrary px sizes","<Badge variant=""outline"" className=""ml-auto text-[9px] capitalize"">"
src/components/kesho/KeshoMawashiDisplay.tsx,114,hex-color,P0,"§1.1 colors — tokens only","<stop offset=""0%"" stopColor=""#FFD700"" stopOpacity=""0.3"" />"
src/components/kesho/KeshoMawashiDisplay.tsx,115,hex-color,P0,"§1.1 colors — tokens only","<stop offset=""25%"" stopColor=""#FFA500"" stopOpacity=""0.4"" />"
src/components/kesho/KeshoMawashiDisplay.tsx,116,hex-color,P0,"§1.1 colors — tokens only","<stop offset=""50%"" stopColor=""#FFD700"" stopOpacity=""0.6"" />"
src/components/kesho/KeshoMawashiDisplay.tsx,117,hex-color,P0,"§1.1 colors — tokens only","<stop offset=""75%"" stopColor=""#FFA500"" stopOpacity=""0.4"" />"
src/components/kesho/KeshoMawashiDisplay.tsx,118,hex-color,P0,"§1.1 colors — tokens only","<stop offset=""100%"" stopColor=""#FFD700"" stopOpacity=""0.3"" />"
src/components/kesho/KeshoMawashiDisplay.tsx,121,hex-color,P0,"§1.1 colors — tokens only","<stop offset=""0%"" stopColor=""#FFD700"" stopOpacity=""0"" />"
src/components/kesho/KeshoMawashiDisplay.tsx,122,hex-color,P0,"§1.1 colors — tokens only","<stop offset=""50%"" stopColor=""#FFD700"" stopOpacity=""0.5"" />"
src/components/kesho/KeshoMawashiDisplay.tsx,123,hex-color,P0,"§1.1 colors — tokens only","<stop offset=""100%"" stopColor=""#FFD700"" stopOpacity=""0"" />"
src/components/kesho/keshoComponents.tsx,106,hex-color,P0,"§1.1 colors — tokens only","stroke={tsuna.ropeColor === ""gold_accented"" ? ""#FFD700"" : ""#FFFFFF""}"
src/components/kesho/keshoComponents.tsx,117,hex-color,P0,"§1.1 colors — tokens only","stroke=""#000000"""
src/components/kesho/keshoComponents.tsx,158,hex-color,P0,"§1.1 colors — tokens only","fill=""#FFFFFF"""
src/components/kesho/keshoComponents.tsx,35,banned-gradient,P0,"§1.3/§3.3 anti-patterns — no decorative gradients","bg: ""bg-gradient-to-br from-gold to-gold/80"","
src/components/kesho/keshoSymbols.tsx,50,rgb-color,P0,"§1.1 colors — tokens only","style={{ filter: ""drop-shadow(1px 1px 2px rgba(0,0,0,0.3))"" }}"
src/components/kesho/KeshoMiniIndicator.tsx,21,hardcoded-palette,P0,"§1.1 colors — tokens only, no raw palette classes","juryo: ""bg-slate-500"","
src/components/kesho/KeshoMiniIndicator.tsx,22,hardcoded-palette,P0,"§1.1 colors — tokens only, no raw palette classes","makuuchi: ""bg-blue-500"","
src/components/kesho/KeshoMiniIndicator.tsx,23,hardcoded-palette,P0,"§1.1 colors — tokens only, no raw palette classes","sanyaku: ""bg-purple-500"","
src/components/kesho/KeshoMiniIndicator.tsx,24,hardcoded-palette,P0,"§1.1 colors — tokens only, no raw palette classes","yokozuna: ""bg-yellow-500"","
src/components/kesho/KeshoMiniIndicator.tsx,31,hardcoded-palette,P0,"§1.1 colors — tokens only, no raw palette classes","tierColors[kesho.tier] || ""bg-gray-500"","
src/components/kesho/KeshoBadge.tsx,32,banned-gradient,P0,"§1.3/§3.3 anti-patterns — no decorative gradients","yokozuna: ""bg-gradient-to-br from-gold to-gold/80"","
src/components/kesho/KeshoBadge.tsx,76,arbitrary-text-size,P1,"§2.2 type scale — no arbitrary px sizes","<span className=""text-[8px] font-bold text-white"">"
src/components/kesho/keshoEffects.tsx,76,hex-color,P0,"§1.1 colors — tokens only","<stop offset=""50%"" stopColor=""#FFD700"" stopOpacity={0.9 * density} />"
src/components/npc/NPCAgentFeed.tsx,72,arbitrary-text-size,P1,"§2.2 type scale — no arbitrary px sizes","<Badge variant=""outline"" className=""text-[9px] uppercase tracking-widest"">"
src/components/onboarding/OnboardingTourDialog.tsx,70,glassmorphism,P1,"§3.3 anti-patterns — no glassmorphism","<DialogContent className=""sm:max-w-[500px] overflow-hidden p-0 border-none bg-background/95 backdrop-blur-xl shadow-2xl"""
src/components/onboarding/OnboardingTourDialog.tsx,29,hardcoded-palette,P0,"§1.1 colors — tokens only, no raw palette classes","icon: <Trophy className=""h-12 w-12 text-amber-500"" />,"
src/components/onboarding/OnboardingTourDialog.tsx,38,hardcoded-palette,P0,"§1.1 colors — tokens only, no raw palette classes","icon: <Swords className=""h-12 w-12 text-rose-500"" />,"
src/components/onboarding/ExhibitionBout.tsx,160,oversized-tracking,P2,"§2.2 tracking ≤0.15em","<p className=""text-[10px] font-black uppercase tracking-[0.3em] text-muted-foreground"">"
src/components/onboarding/ExhibitionBout.tsx,174,arbitrary-text-size,P1,"§2.2 type scale — no arbitrary px sizes","<Badge variant=""outline"" className=""text-[9px] uppercase tracking-wider mt-1"">"
src/components/onboarding/ExhibitionBout.tsx,185,arbitrary-text-size,P1,"§2.2 type scale — no arbitrary px sizes","<Badge variant=""outline"" className=""text-[9px] uppercase tracking-wider mt-1"">"
src/components/onboarding/ExhibitionBout.tsx,141,screaming-copy,P2,"§11 writing style — no SCREAMING_SNAKE display copy","finishExhibition(""finishedExhibition"", ""FIRST_BASHO_STARTED"");"
src/components/onboarding/MentorOverlay.tsx,70,oversized-tracking,P2,"§2.2 tracking ≤0.15em","<p className=""text-[9px] font-black uppercase tracking-[0.25em] text-muted-foreground mb-0.5"">"
src/components/onboarding/MentorOverlay.tsx,70,arbitrary-text-size,P1,"§2.2 type scale — no arbitrary px sizes","<p className=""text-[9px] font-black uppercase tracking-[0.25em] text-muted-foreground mb-0.5"">"
src/components/media/PressConference.tsx,80,banned-gradient,P0,"§1.3/§3.3 anti-patterns — no decorative gradients","<div className=""absolute inset-0 bg-gradient-to-t from-background via-transparent to-transparent opacity-60"" />"
src/components/media/PressConference.tsx,50,glassmorphism,P1,"§3.3 anti-patterns — no glassmorphism","className=""fixed inset-0 z-50 flex items-center justify-center bg-background/95 backdrop-blur-md p-6"""
src/components/media/PressConference.tsx,106,italic-numerals,P2,"§2.3 data display — numerals never italic","<blockquote className=""text-2xl font-medium italic text-foreground leading-relaxed pl-6 border-l-4 border-primary/40"">"
src/components/media/PressConference.tsx,63,oversized-tracking,P2,"§2.2 tracking ≤0.15em","<p className=""text-[10px] font-bold uppercase tracking-[0.2em] text-muted-foreground mt-1"">"
src/components/media/PressConference.tsx,135,oversized-tracking,P2,"§2.2 tracking ≤0.15em","""text-[10px] font-black uppercase tracking-[1px] transition-opacity"","
src/components/media/PressConference.tsx,92,arbitrary-text-size,P1,"§2.2 type scale — no arbitrary px sizes","<div className=""flex items-center justify-between text-[9px] font-black uppercase tracking-widest text-muted-foreground"""
src/pages/BanzukePage.tsx,319,arbitrary-text-size,P1,"§2.2 type scale — no arbitrary px sizes","<div className=""text-[9px] text-muted-foreground/60 leading-tight mt-0.5 font-display"">"
src/pages/RivalriesPage.tsx,237,arbitrary-text-size,P1,"§2.2 type scale — no arbitrary px sizes","className=""text-[9px] uppercase tracking-tighter"""
src/pages/HistoryPage.tsx,206,banned-gradient,P0,"§1.3/§3.3 anti-patterns — no decorative gradients","<div className=""p-4 rounded-lg bg-gradient-to-br from-gold/10 to-gold/5 border border-gold/20"">"
src/pages/HistoryPage.tsx,279,hardcoded-palette,P0,"§1.1 colors — tokens only, no raw palette classes","<Star className=""h-4 w-4 mx-auto mb-1 text-rose-500"" />"
src/pages/HistoryPage.tsx,292,hardcoded-palette,P0,"§1.1 colors — tokens only, no raw palette classes","<Medal className=""h-4 w-4 mx-auto mb-1 text-sky-500"" />"
src/pages/HallOfFamePage.tsx,104,banned-gradient,P0,"§1.3/§3.3 anti-patterns — no decorative gradients","<Card className={`border bg-gradient-to-br ${gradient} overflow-hidden`}>"
src/pages/HallOfFamePage.tsx,466,banned-gradient,P0,"§1.3/§3.3 anti-patterns — no decorative gradients","<div className=""relative overflow-hidden rounded-lg border bg-gradient-to-br from-gold/10 via-background to-primary/5 p-"
src/pages/HallOfFamePage.tsx,209,arbitrary-text-size,P1,"§2.2 type scale — no arbitrary px sizes","<Badge className=""text-[9px]"">{f.kimarite}</Badge>"
src/pages/Dashboard.tsx,417,oversized-tracking,P2,"§2.2 tracking ≤0.15em","<p className=""stat-label text-gold tracking-[0.2em] text-[10px]"">"
src/pages/Dashboard.tsx,108,screaming-copy,P2,"§11 writing style — no SCREAMING_SNAKE display copy",".find((e) => (e as { type?: string }).type === ""PROMOTION_DELIBERATION"");"
src/pages/GlobalCupPage.tsx,93,banned-gradient,P0,"§1.3/§3.3 anti-patterns — no decorative gradients","<div className=""relative p-8 rounded-lg bg-gradient-to-r from-gold/20 to-primary/10 border border-gold/30"">"
src/pages/GlobalCupPage.tsx,162,screaming-copy,P2,"§11 writing style — no SCREAMING_SNAKE display copy","<EventFeed filterTypes={[""GLOBAL_CUP_START"", ""GLOBAL_CUP_FINALE""]} maxEvents={5} />"
src/pages/AlmanacPage.tsx,306,hardcoded-palette,P0,"§1.1 colors — tokens only, no raw palette classes","colorClass=""text-purple-400"""
src/pages/AlmanacPage.tsx,418,hardcoded-palette,P0,"§1.1 colors — tokens only, no raw palette classes","? ""border-purple-400 text-purple-400"""
src/pages/BashoPage.tsx,413,hardcoded-palette,P0,"§1.1 colors — tokens only, no raw palette classes","<Card className=""border-amber-500/30 bg-amber-950/10"">"
src/pages/BashoPage.tsx,417,hardcoded-palette,P0,"§1.1 colors — tokens only, no raw palette classes","<Globe className=""h-5 w-5 text-amber-400"" />"
src/pages/BashoPage.tsx,419,hardcoded-palette,P0,"§1.1 colors — tokens only, no raw palette classes","<h3 className=""font-display font-bold text-amber-400"">"
src/pages/BashoPage.tsx,431,hardcoded-palette,P0,"§1.1 colors — tokens only, no raw palette classes","className=""border-amber-500/30 text-amber-400"""
src/pages/BashoPage.tsx,396,arbitrary-text-size,P1,"§2.2 type scale — no arbitrary px sizes","className=""text-[9px]"""
src/pages/BashoPage.tsx,500,arbitrary-text-size,P1,"§2.2 type scale — no arbitrary px sizes","className=""text-[9px] font-mono text-gold/70 shrink-0"""
src/pages/GovernancePage.tsx,652,glassmorphism,P1,"§3.3 anti-patterns — no glassmorphism","className=""relative overflow-hidden group border-border/40 bg-card/30 backdrop-blur-xs"""
src/pages/GovernancePage.tsx,120,arbitrary-text-size,P1,"§2.2 type scale — no arbitrary px sizes","<Badge variant=""default"" className=""text-[9px] px-1.5 py-0 h-3.5"">"
src/pages/GovernancePage.tsx,127,arbitrary-text-size,P1,"§2.2 type scale — no arbitrary px sizes","className=""text-[9px] px-1.5 py-0 h-3.5 border-primary text-primary"""
src/pages/GovernancePage.tsx,203,arbitrary-text-size,P1,"§2.2 type scale — no arbitrary px sizes","<Badge variant=""default"" className=""text-[9px] px-1.5 py-0 h-3.5"">"
src/pages/GovernancePage.tsx,210,arbitrary-text-size,P1,"§2.2 type scale — no arbitrary px sizes","className=""text-[9px] px-1.5 py-0 h-3.5 border-primary text-primary"""
src/pages/GovernancePage.tsx,296,arbitrary-text-size,P1,"§2.2 type scale — no arbitrary px sizes","<Badge variant=""destructive"" className=""ml-1 h-4 px-1.5 text-[9px]"">"
src/pages/GovernancePage.tsx,425,arbitrary-text-size,P1,"§2.2 type scale — no arbitrary px sizes","className=""text-[9px]"""
src/pages/GovernancePage.tsx,436,arbitrary-text-size,P1,"§2.2 type scale — no arbitrary px sizes","<Badge variant=""secondary"" className=""text-[9px]"">"
src/pages/GovernancePage.tsx,663,arbitrary-text-size,P1,"§2.2 type scale — no arbitrary px sizes","<div className=""text-[13px] font-bold text-foreground/90"">"
src/pages/GovernancePage.tsx,678,arbitrary-text-size,P1,"§2.2 type scale — no arbitrary px sizes","className=""h-7 px-3 text-[9px] uppercase font-black tracking-tighter border-primary/20 hover:border-primary/50 transitio"
src/pages/CandidatePoolPage.tsx,31,hardcoded-palette,P0,"§1.1 colors — tokens only, no raw palette classes","all_in: ""bg-red-500/20 text-red-700 border-red-500/40"","
src/pages/CandidatePoolPage.tsx,32,hardcoded-palette,P0,"§1.1 colors — tokens only, no raw palette classes","high: ""bg-orange-500/20 text-orange-700 border-orange-500/40"","
src/pages/CandidatePoolPage.tsx,33,hardcoded-palette,P0,"§1.1 colors — tokens only, no raw palette classes","medium: ""bg-yellow-500/20 text-yellow-700 border-yellow-500/40"","
src/pages/CandidatePoolPage.tsx,34,hardcoded-palette,P0,"§1.1 colors — tokens only, no raw palette classes","low: ""bg-blue-500/20 text-blue-700 border-blue-500/40"","
src/pages/CandidatePoolPage.tsx,106,hardcoded-palette,P0,"§1.1 colors — tokens only, no raw palette classes","? ""bg-green-500/10 text-green-700 border-green-500/30"""
src/pages/CandidatePoolPage.tsx,108,hardcoded-palette,P0,"§1.1 colors — tokens only, no raw palette classes","? ""bg-yellow-500/10 text-yellow-700 border-yellow-500/30"""
src/pages/CandidatePoolPage.tsx,67,arbitrary-text-size,P1,"§2.2 type scale — no arbitrary px sizes","<Badge variant=""default"" className=""text-[9px] px-1.5 py-0 h-4 shrink-0"">"
src/pages/CandidatePoolPage.tsx,74,arbitrary-text-size,P1,"§2.2 type scale — no arbitrary px sizes","className=""text-[9px] px-1.5 py-0 h-4 shrink-0 bg-gold/20 text-gold border-gold/40"""
src/pages/CandidatePoolPage.tsx,95,arbitrary-text-size,P1,"§2.2 type scale — no arbitrary px sizes","className={`text-[9px] px-1.5 py-0 h-4 ${INTEREST_COLORS[topSuitor.interestBand]}`}"
src/pages/CandidatePoolPage.tsx,104,arbitrary-text-size,P1,"§2.2 type scale — no arbitrary px sizes","className={`text-[9px] px-1.5 py-0 h-4 ${"
src/pages/CandidatePoolPage.tsx,128,arbitrary-text-size,P1,"§2.2 type scale — no arbitrary px sizes","className=""text-[9px] px-1.5 py-0 h-4 bg-primary/10 text-primary border-primary/30"""
src/pages/RecapPage.tsx,73,screaming-copy,P2,"§11 writing style — no SCREAMING_SNAKE display copy","if (e.type.includes(""YUSHO"") || e.type.includes(""CHAMPIONSHIP"")) groups.yusho.push(e);"
src/pages/RecapPage.tsx,76,screaming-copy,P2,"§11 writing style — no SCREAMING_SNAKE display copy","e.type.includes(""PROMOTION"") ||"
src/pages/RecapPage.tsx,77,screaming-copy,P2,"§11 writing style — no SCREAMING_SNAKE display copy","e.type.includes(""DEMOTION"")"
src/pages/RecapPage.tsx,80,screaming-copy,P2,"§11 writing style — no SCREAMING_SNAKE display copy","else if (e.type.includes(""RETIRE"") || e.category === ""career"") groups.retirements.push(e);"
src/pages/RecapPage.tsx,83,screaming-copy,P2,"§11 writing style — no SCREAMING_SNAKE display copy","e.type.includes(""GOVERNANCE"") &&"
src/pages/RecapPage.tsx,96,screaming-copy,P2,"§11 writing style — no SCREAMING_SNAKE display copy","else if (e.category === ""discipline"" || e.type.includes(""GOVERNANCE""))"
src/pages/RecapPage.tsx,116,screaming-copy,P2,"§11 writing style — no SCREAMING_SNAKE display copy","e.type.includes(""PRESTIGE"") || e.type.includes(""STATURE"") || e.category === ""milestone"""
src/pages/RecapPage.tsx,167,screaming-copy,P2,"§11 writing style — no SCREAMING_SNAKE display copy","(e: EngineEvent) => e.category === ""career"" && (e.type as string).includes(""RETIRE"")"
src/pages/TrendsPage.tsx,104,rgb-color,P0,"§1.1 colors — tokens only","boxShadow: ""0 10px 30px rgba(0,0,0,0.1)"","
src/pages/MediaPage.tsx,259,arbitrary-text-size,P1,"§2.2 type scale — no arbitrary px sizes","<Badge variant=""destructive"" className=""ml-1 h-4 px-1.5 text-[9px]"">"
src/pages/MediaPage.tsx,412,arbitrary-text-size,P1,"§2.2 type scale — no arbitrary px sizes","className=""text-[9px] font-bold uppercase tracking-wider px-2 h-5"""
src/pages/HistoryDashboard.tsx,365,arbitrary-text-size,P1,"§2.2 type scale — no arbitrary px sizes","<Badge variant=""outline"" className=""text-[9px]"">"
src/pages/StablePage.tsx,191,hardcoded-palette,P0,"§1.1 colors — tokens only, no raw palette classes","<AlertTriangle className=""h-3.5 w-3.5 text-amber-500 cursor-help shrink-0"" />"
src/pages/StablePage.tsx,180,arbitrary-text-size,P1,"§2.2 type scale — no arbitrary px sizes","className=""text-[9px] px-1.5 h-4 cursor-help"""
src/pages/OyakataPage.tsx,171,hardcoded-palette,P0,"§1.1 colors — tokens only, no raw palette classes","<div className=""space-y-2 md:col-span-2 mt-4 p-4 bg-yellow-50 border border-yellow-200 rounded-lg"">"
src/pages/OyakataPage.tsx,172,hardcoded-palette,P0,"§1.1 colors — tokens only, no raw palette classes","<div className=""flex items-center gap-2 text-sm text-yellow-800"">"
src/pages/OyakataPage.tsx,190,hardcoded-palette,P0,"§1.1 colors — tokens only, no raw palette classes","<p className=""text-sm text-yellow-700 italic"">"
src/pages/MainMenu.tsx,141,oversized-tracking,P2,"§2.2 tracking ≤0.15em","<p className=""text-[10px] font-mono font-bold uppercase tracking-[0.3em] text-gold/60"">"
src/pages/MainMenu.tsx,238,oversized-tracking,P2,"§2.2 tracking ≤0.15em","<p className=""stat-label text-gold mb-1 tracking-[0.2em]"">ASSOCIATION STATUS</p>"
src/pages/StaffPage.tsx,435,arbitrary-text-size,P1,"§2.2 type scale — no arbitrary px sizes","<div className=""flex items-center justify-between text-[9px] font-bold uppercase tracking-wider text-muted-foreground"">"
src/pages/StaffPage.tsx,452,arbitrary-text-size,P1,"§2.2 type scale — no arbitrary px sizes","<div className=""flex items-center justify-between text-[9px] font-bold uppercase tracking-wider text-muted-foreground"">"
